Title,Author,Genre,Count
"Soil Mechanics of Earthworks, Foundations and Highway Engineering",Unknown Author,General Software & AI,32
"Foundation Engineering: Design and Construction in Tropical Soils (Balkema: Proceedings and Monographs in Engineering, Water and Earth Sciences)",B.B.K. Huat,General Software & AI,20
"Practical Problems in Soil Mechanics and Foundation Engineering, 2 Wall and Foundation Calculations, Slope Stability",Sheng Y. Peng,General Software & AI,20
"Underwater Embankments on Soft Soil A Case History: A Case History (Balkema: Proceedings and Monographs in Engineering, Water and Earth Sciences)",William F. van Impe,General Software & AI,20
Eco- and Ground Bio-Engineering: The Use of Vegetation to Improve Slope Stability: Proceedings of the First International Conference on Eco-Engineering ... (Developments in Plant and Soil Sciences),Alexia Stokes,General Software & AI,20
"Education and Training in Geo-Engineering Sciences: Soil Mechanics and Geotechnical Engineering, Engineering Geology, Rock Mechanics",Iacint Manoliu (Editor),General Software & AI,20
"Soil and Water Contamination: From molecular to catchment scale (Balkema: Proceedings and Monographs in Engineering, Water and Earth Sciences)",Marcel van der Perk,General Software & AI,20
Principles of Thermodynamics,Jean-Philippe Ansermet,General Software & AI,20
Thermodynamics: An Engineering Approach 8th Edition,Yunus A. Çengel,General Software & AI,20
Thermal Physics: Thermodynamics and Statistical Mechanics for Scientists and Engineers,Robert F. Sekerka,General Software & AI,20
A Student's Guide to Entropy,Don S. Lemons,General Software & AI,20
"Energy, entropy and engines : an introduction to thermodynamics",Chandra,General Software & AI,20
"Fundamentals of Physics: Mechanics, Relativity, and Thermodynamics",R. Shankar,General Software & AI,20
Introduction to Chemical Engineering Thermodynamics,J.M. Smith,General Software & AI,20
Statistical Mechanics Made Easy: A Guide for Students and Researchers,Daniel C. Mattis,General Software & AI,20
Entropy demystified: the second law of thermodynamics reduced to plain common sense,Arieh Ben-Naim,General Software & AI,20
Instructor Solutions Manual for Thermodynamics: An Engineering Approach,Yunus A. Çengel,General Software & AI,20
"THERMODYNAMICS: AN ENGINEERING APPROACH, NINTH EDITION",Çengel,General Software & AI,20
Statistical Mechanics,R. K. Pathria,General Software & AI,20
An Introduction to Thermal Physics,Daniel V. Schroeder,General Software & AI,20
"Introduction to Statistical Physics, Second Edition",Kerson Huang,General Software & AI,20
Fundamentals of Thermal-Fluid Sciences,Yunus A. Çengel,General Software & AI,20
Thermodynamics For Dummies,Mike Pauken,General Software & AI,20
Fundamentals of Engineering Thermodynamics,Michael J. Moran,General Software & AI,20
The thermodynamics problem solver,The Staff of REA,General Software & AI,20
The Laws of Thermodynamics: A Very Short Introduction,Peter Atkins,General Software & AI,20
Theoretical Physics 5: Thermodynamics,Wolfgang Nolting (auth.),General Software & AI,20
"Tropical Fruits, Volume 1 (Crop Production Science in Horticulture, Volume 20)",Robert E Paull,General Software & AI,20
"Grapes (Crop Production Science in Horticulture, Volume 16)",G.L. Creasy,General Software & AI,20
Soil Microbiology and Sustainable Crop Production,Andrew D. Noble,General Software & AI,20
Soilless Culture - Use of Substrates for the Production of Quality Horticultural Crops,Md. Asaduzzaman,General Software & AI,20
"Carrots and Related Vegetable Umbelliferae (Crop Production Science in Horticulture, Volume 10)",C F Quiros,General Software & AI,20
The role of plant roots in crop production,N  K Fageria,General Software & AI,20
Soil Organic Matter and Its Role in Crop Production,F.E. Allison (Eds.),General Software & AI,20
"Rice: Origin, History, Technology, and Production (Wiley Series in Crop Science)",C. Wayne Smith,General Software & AI,20
"Corn Crop Production: Growth, Fertilization and Yield",Arn T. Danforth,General Software & AI,20
"Agroecosystems: Soils, Climate, Crops, Nutrient Dynamics and Productivity",Krishna,General Software & AI,20
Crop ecology : productivity and management in agricultural systems,D J Connor,General Software & AI,20
Nitrogen management in crop production,N  K Fageria,General Software & AI,20
"Tropical Fruits, 2nd Edition, Volume 1 (Crop Production Science in Horticulture, Volume 20)",Robert E Paull,General Software & AI,20
"Microirrigation for Crop Production: Design, Operation, and Management",Freddie R. Lamm,General Software & AI,20
Phosphorus management in crop production,Nand Kumar Fageria,General Software & AI,20
Use of Reclaimed Water and Sludge in Food Crop Production,Committee on the Use of Treated Municipal Wastewater Effluents and Sludge in the Production of Crops for Human Consumption,General Software & AI,20
Emerging trends of plant physiology for sustainable crop production,Abbas,General Software & AI,20
Priming and Pretreatment of Seeds and Seedlings: Implication in Plant Stress Tolerance and Enhancing Productivity in Crop Plants,Mirza Hasanuzzaman,General Software & AI,20
Pesticides in Crop Production: Physiological and Biochemical Action,Prabhat Kumar Srivastava (editor),General Software & AI,20
"Internal Combustion Engines: Improving Performance, Fuel Economy and Emission. IMech: E, London, 29–30 November 2011",Institution of Mechanical Engineers (IMechE) (Auth.),General Software & AI,20
"Multiphase Flow Dynamics 4: Turbulence, Gas Adsorption and Release, Diesel Fuel Properties",Nikolay Ivanov Kolev (auth.),General Software & AI,20
"Welder's Handbook: For Gas Shielded Arc Welding, Oxy Fuel Cutting and Plasma Cutting",Unknown Author,General Software & AI,20
Fuel Systems for IC Engines,Institution of Mechanical Engineers (IMechE),General Software & AI,20
"Modern power station practice/ 2, Mechanical. Boilers, fuel and ashhandling plant.",publ. for and on behalf of the Central Electricity Generating Board.,General Software & AI,20
"Combustion phenomena: selected mechanisms of flame formation, propagation, and extinction",Jozef Jarosinski,General Software & AI,20
Instabilities of Flows: With and Without Heat Transfer and Chemical Reaction (CISM International Centre for Mechanical Sciences),Tapan Sengupta,General Software & AI,20
Mechanical Gasoline Fuel-Injection System with Lambda Closed-Loop Control: K-Jetronic (Technical Instruction) Part 2,Adler U.,General Software & AI,20
Mechanical Gasoline Fuel-Injection System with Lambda Closed-Loop Control: K-Jetronic (Technical Instruction) Part 1,Adler U.,General Software & AI,20
"Mechanical Boilers, Fuel-, and Ash-Handling Plant",CENTRAL ELECTRICITY GENERATING BOARD,General Software & AI,20
Mechanical Gasoline Fuel-Injection System with Lambda Closed-Loop Control: K-Jetronic (Technical Instruction) Part 3,Adler U.,General Software & AI,20
Innovations in Fuel Economy and Sustainable Road Transport,Institution of Mechanical Engineers (IMechE) (Auth.),General Software & AI,20
Reduced Kinetic Mechanisms for Applications in Combustion Systems (Lecture Notes in Physics),Norbert Peters,General Software & AI,20
Fuel Cell Technology Handbook (Handbook Series for Mechanical Engineering),Gregor Hoogers,General Software & AI,20
Mechanical Gasoline Fuel-Injection System with Lambda Closed-Loop Control K-Jetronic (Technical Instruction),Adler U.,General Software & AI,20
"Solid Fuels Combustion and Gasification - Modeling, Simulation, and Equipment Operation; Volume 174 of Mechanical Engineering Series – Marcel Dekker",Souza-Santos M.L. de,General Software & AI,20
"Innovations in Fuel Economy and Sustainable Road Transport : 8-9 November 2011, Pune, India",Institution of Mechanical Engineers,General Software & AI,20
2017 ASME Boiler & Pressure Vessel Code BPVC Section III-Rules for Construction of Nuclear Facility Components-Divison 3-Containment Systems & Transport Packagings for Spent Nuclear Fuel & High Level Radioactive Waste BPVC-III-3 - 2017,American Society of Mechanical Engineers. Boiler and Pressure Vessel Committee,General Software & AI,20
"Fuel failure in normal operation of water reactors : experience, mechanisms and management : proceedings of a Technical Committee meeting held in Dimitrovgrad, Russian Federation, 26-29 May 1992",International Atomic Energy Agency,General Software & AI,20
A Textbook of Surveying and Levelling,R. Agor,General Software & AI,20
Animal biodiversity:  An outline of higher-level classification and survey of taxonomic richness,ZHI-QIANG ZHANG (ED.),General Software & AI,20
Surveying and Levelling,N N Basak,General Software & AI,20
CURRENT DEMOCRATIC METHODS OF TEACHING ON THE SECONDARY SCHOOL LEVEL IN THE UNITED STATES - A SURVEY OF CLASSROOM TEACHING PRACTICES REPORTED BY TEACHERS IN A QUESTIONNAIRE AND SUPPLEMENTED BY CLASSROOM VISITATION AND OBSERVATION DURING THE SCHOOL YEAR 19,FOLEY,General Software & AI,20
"Fiscal design across levels of government, year 2000 surveys. / Country report",OECD,General Software & AI,20
"A survey of age-grade status, ability levels, general achievement and reading achievement of elementary school children of Amador County",Joyce,General Software & AI,20
Theory of Machines and Mechanisms,John J. Uicker,General Software & AI,20
Principles of Physics: From Quantum Field Theory to Classical Mechanics,Jun Ni,General Software & AI,20
"Theory of Structures: Fundamentals, Framed Structures, Plates and Shells",Peter Marti,General Software & AI,20
Tensors: The Mathematics of Relativity Theory and Continuum Mechanics,Anadi Jiban Das,General Software & AI,20
Theory of Elastic Stability,Stephen P. Timoshenko,General Software & AI,20
Theory Of Machine And Mechanisms Si Edition solution manual,Gordon R. Pennock & Joseph E. Shigley John J. Uicker,General Software & AI,20
Strength of Materials: A Unified Theory,Surya Patnaik,General Software & AI,20
"Measurement and Instrumentation, Second Edition: Theory and Application",Alan S Morris,General Software & AI,20
Introduction to thermodynamics and kinetic theory of matter,Anatoly I. Burshtein,General Software & AI,20
Computational Chemistry: Introduction to the Theory and Applications of Molecular and Quantum Mechanics,Errol G. Lewars (auth.),General Software & AI,20
"Stability of Structures: Elastic, Inelastic, Fracture and Damage Theories",Zdenek P Bazant,General Software & AI,20
"Elasticity. Theory, Applications, and Numerics",Martin H. Sadd (Auth.),General Software & AI,20
Theory and Analysis of Elastic Plates and Shells,J. N. Reddy,General Software & AI,20
Theory of Lift: Introductory Computational Aerodynamics in MATLAB®/OCTAVE,G. D. McBain(auth.),General Software & AI,20
"Fundamentals of Robotic Mechanical Systems: Theory, Methods, and Algorithms",Jorge Angeles (auth.),General Software & AI,20
Advanced mechanics of composite materials and structures,Morozov,General Software & AI,20
"Spectral Theory and Quantum Mechanics: Mathematical Foundations of Quantum Theories, Symmetries and Introduction to the Algebraic Formulation",Valter Moretti,General Software & AI,20
Theory of elasticity,Timoshenko S.P.,General Software & AI,20
Theory and Problems of Theoretical Mechanics (Schaum's Outline),Murray R. Spiegel,General Software & AI,20
Strength of Materials. Elementary Theory and Problems,Timoshenko S.P.,General Software & AI,20
"Python for Probability, Statistics, and Machine Learning",José Unpingco,General Software & AI,20
Probability and Statistics: A Course for Physicists and Engineers,Arak M. Mathai,General Software & AI,20
"Bayesian Statistics The Fun Way: Understanding Statistics And Probability With Star Wars, LEGO, And Rubber Ducks",Will Kurt,General Software & AI,20
Schaum's Outline of Probability and Statistics,John Schiller,General Software & AI,20
Applied Statistics and Probability for Engineers,Douglas C. Montgomery,General Software & AI,20
Probability and statistics by example. Basic probability and statistics,Suhov Y.,General Software & AI,20
"Cluster Analysis, Fifth Edition (Wiley Series in Probability and Statistics)",Brian S. Everitt,General Software & AI,20
"Statistics 101: From Data Analysis and Predictive Modeling to Measuring Distribution and Determining Probability, Your Essential Guide to Statistics (Adams 101)",David Borman,General Software & AI,20
"Analysis of Financial Time Series, Third Edition (Wiley Series in Probability and Statistics)",Ruey S. Tsay,General Software & AI,20
Probability and Statistical Inference (9th Edition),Robert V. Hogg,General Software & AI,20
Probability and statistics for data science : math + R + data,Matloff,General Software & AI,20
Statistics and Probability for Engineering Applications with Microsoft Excel,William DeCoursey William DeCoursey  Ph.D.  is a chemical engineer who has taught statistics and probability to engineering students for over 15 years at the University of Saskatchewan.,General Software & AI,20
Introduction to Probability and Statistics for Engineers and Scientists,Sheldon M. Ross,General Software & AI,20
Probability and Statistics for Engineering and the Sciences,Jay L. Devore,General Software & AI,20
Introduction To Probability: Models And Applications,N. Balakrishnan,General Software & AI,20
Probability and Statistics for Engineers and Scientists (9th Edition),Ronald E. Walpole,General Software & AI,20
"Probability and Random Processes, Third Edition",Geoffrey R. Grimmett,General Software & AI,20
Probability and Statistics,Morris H. Degroot,General Software & AI,20
Probability for Statistics and Machine Learning: Fundamentals and Advanced Topics,Anirban DasGupta (auth.),General Software & AI,20
Hydrology and water resource management : breakthroughs in research and practice,Information Resources Management Association,General Software & AI,20
Curve Number Hydrology: State of the Practice,Environmental and Water Resources Instit,General Software & AI,20
Irrigation and Drainage Engineering,Peter Waller,General Software & AI,20
Canal Automation for Irrigation Systems (ASCE Manuals and Reports on Engineering Practice (MOP)131),Task Committee on Recent Advances in Canal Automation of the Irrigation Delivery and Drainage Systems Committee of the Irrigation and Drainage Council of the Environmental and Water Resources Institute of ASCE,General Software & AI,20
Irrigation and drainage engineering,Waller,General Software & AI,20
"Handbook of farm, dairy, and food machinery engineering",Myer Kutz,General Software & AI,20
"Handbook of farm, dairy, and food machinery",Myer Kutz,General Software & AI,20
"Handbook of farm, dairy and food machinery engineering",Kutz,General Software & AI,20
Handbook of Farm Dairy and Food Machinery,Myer Kutz,General Software & AI,20
"Handbook of Farm, Dairy and Food Machinery Engineering 3rd Edition 2019",Myer Kutz,General Software & AI,20
"Handbook of Farm, Dairy, and Food Machinery",Myer Kutz,General Software & AI,20
An analysis of changes in the degree of concentration in the iron and steel and farm machinery and equiptment industries,McNichols,General Software & AI,20
"Piezoelectric energy harvesting : methods, progress, and challenges",Ilyas,General Software & AI,20
Innovative materials and systems for energy harvesting applications,Losito,General Software & AI,20
Unnatural harvest: how genetic engineering is altering our food,Boyens,General Software & AI,20
Quality of Ground Water - Guidelines for Selection and Application of Frequently Used Models,Committee on Ground Water Quality of the Environmental Engineering Division of the American Society,General Software & AI,20
Water Pollution: Environmental Impact Assessment of Recycled Wastes on Surface and Ground Waters; Engineering Modeling and Sustainability,Charles J. Werth (auth.),General Software & AI,20
Standard guidelines for artificial recharge of ground water,American Society of Civil Engineers,General Software & AI,20
Quality of Ground Water: Guidelines for Selection and Application of Frequently Used Models,American Society of Civil Engineers,General Software & AI,20
"Solar Engineering of Thermal Processes, Photovoltaics and Wind",John A. Duffie,General Software & AI,20
Wind and Solar Based Energy Systems for Communities,Rupp Carriveau,General Software & AI,20
Solar Engineering Of Thermal Processes: Photovoltaics And Wind,John A. Duffie,General Software & AI,20
"Geoinformation: Remote Sensing, Photogrammetry and Geographic Information Systems",Konecny,General Software & AI,20
"Learning Geospatial Analysis with Python, 2nd Edition: An effective guide to geographic information systems and remote sensing analysis using Python 3",Joel Lawhead,General Software & AI,20
Textbook of Remote Sensing and Geographical Information Systems,Reddy,General Software & AI,20
Handbook on Advances in Remote Sensing and Geographic Information Systems: Paradigms and Applications in Forest Landscape Modeling,Margarita N. Favorskaya,General Software & AI,20
"Geoinformation: Remote Sensing, Photogrammetry and Geographical Information Systems",Gottfried Konecny,General Software & AI,20
Environmental Modelling with GIS and Remote Sensing (Geographic Information Systems Workshop),Andrew Skidmore,General Software & AI,20
Learning Geospatial Analysis with Python: An effective guide to geographic information system and remote sensing analysis using Python 3,Lawhead J.,General Software & AI,20
Textbook of remote sensing and geographical information systems,Reddy M.A.,General Software & AI,20
Remote Sensing and Geographical Information Systems for Resource Management in Developing Countries,A. C. Bird (auth.),General Software & AI,20
Remote Sensing and Geographical Information Systems in Epidemiology,S.I. Hay,General Software & AI,20
Learning geospatial analysis with Python : an effective guide to geographic information system and remote sensing analysis using Python 3,Joel Lawhead,General Software & AI,20
"Geoinformation: Remote Sensing, Photogrammetry and Geographic Information Systems, Second Edition",Gottfried Konecny (Author),General Software & AI,20
"The Human Brain Book: An Illustrated Guide to Its Structure, Function, and Disorders",DK,General Software & AI,20
Vander’s Human Physiology,Eric Widmaier,General Software & AI,20
Strength Training Anatomy - 2nd Edition,Frederic Delavier,General Software & AI,20
"The Concise Human Body Book: An Illustrated Guide to its Structure, Function, and Disorders",Steve Parker,General Software & AI,20
Netter Interactive Atlas of Human Anatomy v3.0,Frank H. Netter MD,General Software & AI,20
Human Anatomy,Frederic H. Martini,General Software & AI,20
Human Anatomy and Physiology,Elaine N. Marieb,General Software & AI,20
Abrahams’ and McMinn’s Clinical Atlas of Human Anatomy,Peter H. Abrahams,General Software & AI,20
Larsen's Human Embryology,Gary C. Schoenwolf,General Software & AI,20
Human anatomy & physiology,Elaine Nicpon Marieb,General Software & AI,20
The Brain and the Nervous System (The Human Body),Kara Rogers,General Software & AI,20
"Bone and Muscle: Structure, Force, and Motion (The Human Body)",Kara Rogers,General Software & AI,20
Color Atlas of Human Body,Adolf Faller,General Software & AI,20
The Digestive System (The Human Body),Kara Rogers,General Software & AI,20
Your Body. How It Works. Human Development,Ted Zerucha,General Software & AI,20
Schaum's Outline of Human Anatomy and Physiology,Kent Van De Graaff,General Software & AI,20
The Respiratory System (The Human Body),Kara Rogers,General Software & AI,20
Sobotta Atlas of Human Anatomy Volume 1-2-3,F. Paulsen and J. Waschke,General Software & AI,20
The Reproductive System (The Human Body),Kara Rogers,General Software & AI,20
Pilates Anatomy,Rael Isacowitz,General Software & AI,20
"Getting Started with Sensors: Measure the World with Electronics, Arduino, and Raspberry Pi",Kimmo Karvinen,General Software & AI,20
"Measurement, Instrumentation, and Sensors Handbook: Electromagnetic, Optical, Radiation, Chemical, and Biomedical Measurement",John G. Webster,General Software & AI,20
"Measurement, Instrumentation, and Sensors Handbook, Second Edition: Spatial, Mechanical, Thermal, and Radiation Measurement",John G. Webster,General Software & AI,20
"The Measurement, Instrumentation and Sensors Handbook",John G. Webster,General Software & AI,20
Measuring Current Voltage and Power Handbook of Sensors and Actuators Vol 7,K. Iwansson,General Software & AI,20
Sensors: Projects and Experiments to Measure the World with Arduino and Raspberry Pi,Tero Karvinen,General Software & AI,20
Advanced Interfacing Techniques for Sensors. Measurement Circuits and Systems for Intelligent Sensors,Boby George,General Software & AI,20
"Make: Getting Started with Sensors: Measure the World with Electronics, Arduino, and Raspberry Pi",Kimmo Karvinen,General Software & AI,20
Principles of Electrical Measurement (Sensors Series.),Slawomir Tumanski,General Software & AI,20
"Handbook of humidity measurement - methods, materials and technologies. Volume 2, Electronic and electrical humidity sensors",KOROTCENKOV,General Software & AI,20
"Measurement, instrumentation, and sensors handbook. Electromagnetic, optical, radiation, chemical, and biomedical measurement",Webster,General Software & AI,20
"Measurement, Instrumentation, and Sensors Handbook",John G. Webster,General Software & AI,20
Measurement Systems And Sensors,Waldemar Nawrocki,General Software & AI,20
"Measurement, Data Analysis, and Sensor Fundamentals for Engineering and Science, 2nd Edition",Patrick F. Dunn,General Software & AI,20
Phasor Measurement Units and Wide Area Monitoring Systems. From the Sensors to the System,Antonello Monti,General Software & AI,20
"Measurement, Instrumentation, and Sensors Handbook.  Spatial, Mechanical, Thermal and Radiation Measurement",John G. Webster,General Software & AI,20
Measurement systems and sensors,Waldemar Nawrocki,General Software & AI,20
The Tao of Measurement: A Philosophical View of Flow and Sensors,Jesse Yoder,General Software & AI,20
Precision Nanometrology: Sensors and Measuring Systems for Nanomanufacturing,Wei Gao (auth.),General Software & AI,20
"Microbiology and Molecular Diagnosis in Pathology. A Comprehensive Review for Board Preparation, Certification and Clinical Practice",Audrey Wanger,General Software & AI,20
"Staphylococcus aureus: Microbiology, Pathology, Immunology, Therapy and Prophylaxis",Fabio Bagnoli,General Software & AI,20
Bacterial Plant Pathology: Cell and Molecular Aspects,David C. Sigee,General Software & AI,20
Fundamentals of Time-Frequency Analyses in Matlab/Octave,Mike X Cohen,General Software & AI,20
Real-Time Digital Signal Processing: Implementation and Application,Sen M. Kuo,General Software & AI,20
"Advanced signal processing handbook : theory and implementation for radar, sonar, and medical imaging real time systems",Stergiopoulos,General Software & AI,20
"Real-Time Digital Signal Processing: Fundamentals, Implementations and Applications",Sen M. Kuo,General Software & AI,20
Prentice Discrete-Time Digital Signal Processing,Oppenheim,General Software & AI,20
Time-Frequency Signal Analysis and Processing: A Comprehensive Review,Boualem Boashash,General Software & AI,20
"Advanced Signal Processing Handbook: Theory and Implementation for Radar, Sonar, and Medical Imaging Real Time Systems",Stergios Stergiopoulos,General Software & AI,20
"Statistical signal processing: detection, estimation, and time series analysis",Louis Scharf,General Software & AI,20
DSP for Embedded and Real-Time Systems. Expert Guide,Oshana R.,General Software & AI,20
"Real-Time Digital Signal Processing from MATLAB to C with the TMS320C6x DSPs, Third Edition",Morrow,General Software & AI,20
"Advanced signal processing on brain event-related potentials : filtering ERPs in time, frequency and space domains sequentially and simultaneously",Cong,General Software & AI,20
"Quadrature Amplitude Modulation: From Basics to Adaptive Trellis-Coded, Turbo-Equalised and Space-Time Coded OFDM, CDMA and MC-CDMA Systems",Lajos L. Hanzo,General Software & AI,20
"Time-Frequency Signal Analysis and Processing, Second Edition: A Comprehensive Reference",Boualem Boashash,General Software & AI,20
Probability and random processes: using MATLAB with applications to continuous and discrete time systems,Donald G. Childers,General Software & AI,20
"Real-Time Digital Signal Processing: Implementations, Application and Experiments with the TMS320C55X",Sen M. Kuo,General Software & AI,20
Real-time digital signal processing from MATLAB to C with the TMS320C6x DSPs,Wright,General Software & AI,20
"Signal Analysis: Wavelets, Filter Banks, Time-Frequency Transforms and Applications",Alfred Mertins,General Software & AI,20
Real-time digital signal processing based on the TMS320C6000,Nasser Kehtarnavaz,General Software & AI,20
"Four Short Courses on Harmonic Analysis: Wavelets, Frames, Time-Frequency Methods, and Applications to Signal and Image Analysis",Peter Massopust,General Software & AI,20
Discrete-Time Signal Processing,Buck J. R.,General Software & AI,20
"Potential Rapid Diagnostics, Vaccine and Therapeutics for 2019 Novel Coronavirus (2019-nCoV): A Systematic Review",Junxiong Pang,General Software & AI,20
Crohn's Disease and Ulcerative Colitis: From Epidemiology and Immunobiology to a Rational Diagnostic and Therapeutic Approach,Daniel C. Baumgart (eds.),General Software & AI,20
Atlas of Confocal Laser Scanning In-vivo Microscopy in Opthalmology - Principles and Applications in Diagnostic and Therapeutic Ophtalmology,Guthoff R.F.,General Software & AI,20
Diagnostic and Therapeutic Nuclear Medicine for Neuroendocrine Tumors,Karel Pacak,General Software & AI,20
Diagnostic and Therapeutic Antibodies,Andrew J.T. George,General Software & AI,20
Diagnostic and Therapeutic Applications of Exosomes in Cancer,Mansoor Amiji,General Software & AI,20
Art Therapy and Ad Hd: Diagnostic and Therapeutic Approaches,Diane Stein Safran,General Software & AI,20
Breast Cancer: Diagnostic Imaging and Therapeutic Guidance,Uwe Fischer,General Software & AI,20
Special pathology and diagnostics: with therapeutic hints,Charles Gottlieb Raue,General Software & AI,20
"Ophthalmic Drugs: Diagnostic and Therapeutic Uses, 5th Edition",Graham Hopkins BPharm  PhD  MRPharm,General Software & AI,20
The ''Childhood Hand that Disturbs'' Projective Test: A Diagnostic and Therapeutic Drawing Test,Roseline Davido,General Software & AI,20
Lung Cancer: Diagnostic and Therapeutic Methods and Reviews,Driscoll B.,General Software & AI,20
"Biological, Diagnostic and Therapeutic Advances in Alzheimer's Disease: Non-Pharmacological Therapies for Alzheimer's Disease",Ghulam Md Ashraf,General Software & AI,20
Breast cancer : diagnostic imaging and therapeutic guidance,médecin. Uwe Fischer,General Software & AI,20
"Thymus Gland Pathology: Clinical, Diagnostic and Therapeutic Features",Corrado Lavini,General Software & AI,20
The Emotional Life Interview: A Psychosocial Diagnostic and Therapeutic Procedure,Henry,General Software & AI,20
"Diseases of the Gastro-Intestinal Tract: Some Diagnostic, Therapeutic and Fundamental Aspects",Prof. J. Dankmeijer M.D. (auth.),General Software & AI,20
Diagnostic and Therapeutic Procedures in Gastroenterology: An Illustrated Guide,Nam Q. Nguyen MBBS(Hons),General Software & AI,20
Peripheral Vascular Disease: Basic Diagnostic and Therapeutic Approaches 3rd Edition,George S Abela,General Software & AI,20
"Retinal Degenerations: Biology, Diagnostics, and Therapeutics",Joyce Tombran-Tink,General Software & AI,20
Human Modelling for Bio-Inspired Robotics. Mechanical Engineering in Assistive Technologies,Jun Ueda,General Software & AI,20
A New Bio-inspired Optimization Algorithm Based on the Self-defense Mechanism of Plants in Nature,Camilo Caraveo,General Software & AI,20
"Bio-inspired structured adhesives : Biological prototypes, fabrication, tribological properties, contact mechanics, and novel concepts",Gorb,General Software & AI,20
Biological and Bio-inspired Nanomaterials: Properties and Assembly Mechanisms,Sarah Perrett,General Software & AI,20
Bio- and Chemo-Mechanical Processes in Geotechnical Engineering: Géotechnique Symposium in Print 2013,Lyesse Laloui,General Software & AI,20
Advances in Bio-Mechanical Systems and Materials,Ashkan Javadzadegan,General Software & AI,20
Buried Waste in the Seabed; Acoustic Imaging and Bio-toxicity,Philippe Blondel,General Software & AI,20
Bio-Mechanical,Lindsey E.M.,General Software & AI,20
bio fluid mechanics,jagan n mazumdar,General Software & AI,20
"Smart system Engineering: Infra-structure Systems Engineering, Bio-informatics and Computational Biology and Evolutionary Computation",Cihan H Dagli,General Software & AI,20
Bio-Mechanical (Irons and Works Book 4),E.M. Lindsey [Lindsey,General Software & AI,20
IUTAM Symposium on Synthesis in Bio Solid Mechanics (Solid Mechanics and Its Applications),Pauli Pedersen,General Software & AI,20
Advances in bio-mechanical systems and materials,Altenbach,General Software & AI,20
"Personal Protective Equipment for Chemical, Biological, and Radiological Hazards: Design, Evaluation, and Selection",Eva F. Gudgin Dickson,General Software & AI,20
Detection of Nuclear and Radiological Weapons,Philips Gary W.,General Software & AI,20
Nuclear Weapons Effects - Radiological Scientific Officers Hanbook,Unknown Author,General Software & AI,20
X-ray equipment maintenance and repairs workbook for radiographers and radiological technologists,Ian R. McClelland,General Software & AI,20
Medical management of radiological casualties. Handbook,Jacocks J. (Ed.),General Software & AI,20
Highway engineering handbook: building and rehabilitating the infrastructure,Roger Brockenbrough,General Software & AI,20
"Bridge Engineering: Rehabilitation, and Maintenance of Modern Highway Bridges",Demetrios Tonias,General Software & AI,20
"Case studies of rehabilitation, repair, retrofitting, and strengthening of structures",International Association for Bridge and Structural Engineering,General Software & AI,20
Advanced Dam Engineering For Design Construction And Rehabilitation,R.B. Jansen,General Software & AI,20
"Advanced Dam Engineering for Design, Construction, and Rehabilitation",Robert B. Jansen (auth.),General Software & AI,20
"Bridge decks : design, construction, rehabilitation, replacement",Neal H Bettigole,General Software & AI,20
Advances in Structural Engineering and Rehabilitation: Select Proceedings of TRACE 2018,Sondipon Adhikari,General Software & AI,20
Seismic rehabilitation of existing buildings,American Society of Civil Engineers,General Software & AI,20
"Repair and rehabilitation of reinforced concrete structures : the state of the art : proceedings of the international seminar, workshop and exhibition, Maracaibo, Venezuela, April 28-May 1, 1997",National Science Foundation (U. S.),General Software & AI,20
An Introduction to Rehabilitation Engineering,Rory A Cooper,General Software & AI,20
"Road pavement material characterization and rehabilitation : selected papers from the 2009 GeoHunan International Conference, August 3-6, 2009, Changsha, Hunan, China",American Society of Civil Engineers,General Software & AI,20
"New technologies in construction and rehabilitation of Portland cement concrete pavement and bridge deck pavement : selected papers from the 2009 GeoHunan International Conference, August 3-6, 2009, Changsha, Hunan, China",Moon Won,General Software & AI,20
"Geotechnical Engineering for Disaster Mitigation and Rehabilitation: Proceedings of the 2nd International Conference GEDMAR08, Nanjing,China",Han-Long Liu,General Software & AI,20
Rehabilitation engineering applied to mobility and manipulation / Rory A. Cooper,Rory A Cooper,General Software & AI,20
Highway engineering handbook : building and rehabilitating the infrastructure,R  L Brockenbrough,General Software & AI,20
Manhole Inspection and Rehabilitation,John B. Hughes,General Software & AI,20
"Pipelines 2017: Construction and rehabilitation: proceedings of sessions of the Pipelines 2017 Conference, August 6-9, 2017, Phoenix, Arizona",Geisbush,General Software & AI,20
Introduction to Neural Engineering for Motor Rehabilitation,Dario Farina,General Software & AI,20
Principles of Geotechnical Engineering,Braja M. Das,General Software & AI,20
Engineering Geology,Subinoy Gangopadhyay,General Software & AI,20
Civil engineering hydraulics: essential theory with worked examples,R. E. Featherstone,General Software & AI,20
"Geotechnical Engineering: Soil and Foundation Principles and Practice, 5th Ed.",Richard Handy,General Software & AI,20
Geotechnical Investigation Methods: A Field Guide for Geotechnical Engineers,Roy E. Hunt,General Software & AI,20
Soil Mechanics in Engineering Practice,Karl Terzaghi,General Software & AI,20
Water Chemistry: An Introduction to the Chemistry of Natural and Engineered Aquatic Systems,Patrick Brezonik,General Software & AI,20
"3D Printed Science Projects: Physics, Math, Engineering and Geology Models",Joan Horvath,General Software & AI,20
Rock Slope Engineering: Civil and Mining,Duncan C. Wyllie,General Software & AI,20
Fundamentals of Drilling Engineering,Mitchell R.F.,General Software & AI,20
Rock Mechanics and Engineering,C. Jaeger,General Software & AI,20
Groundwater Quantity and Quality Management,Aral,General Software & AI,20
Engineering Geology - Principles and Practice,David George Price,General Software & AI,20
Earth and Rock-Fill Dams: General Design and Construction Considerations,U. S. Army Corps of Engineers,General Software & AI,20
"Principles of Foundation Engineering, SI Edition",Braja M. Das,General Software & AI,20
"Geology: Basics for Engineers, Second Edition",Aurèle Parriaux,General Software & AI,20
Practical Engineering Geology,Steve Hencher,General Software & AI,20
Geologic Hazards: A Field Guide for Geotechnical Engineers,Roy E. Hunt,General Software & AI,20
Drilling engineering,Jamal J Azar,General Software & AI,20
"Nuclear Geophysics: Applications in Hydrology, Hydrogeology, Engineering Geology, Agriculture and Environmental Science",V.I. Ferronsky (auth.),General Software & AI,20
Fundamentals of Building Construction: Materials  and Methods,Edward Allen,General Software & AI,20
"Fundamentals Of Building Construction: Materials And Methods, 7th Edition",Edward Allen,General Software & AI,20
Solutions Manual for Mechanics of Materials in SI Units,Russell C. Hibbeler,General Software & AI,20
Materials for Civil and Construction Engineers,Michael S. Mamlouk,General Software & AI,20
Construction Databook: Construction Materials and Equipment,Sidney Levy,General Software & AI,20
"Constructing Architecture: Materials, Processes, Structures",Andrea Deplazes,General Software & AI,20
Tiny houses built with recycled materials : inspiration for constructing tiny homes using salvaged and reclaimed supplies,Mitchell,General Software & AI,20
Mechanics of Materials - 9th Edition + Solutions Manual,Russell C. Hibbeler,General Software & AI,20
"Concrete: Microstructure, Properties, and Materials",P. Mehta,General Software & AI,20
"Ceramic and Glass Materials: Structure, Properties and Processing",Robert H. Doremus (auth.),General Software & AI,20
"ICE Manual of Construction Materials, Volumes I and II",Mike Forde,General Software & AI,20
Fundamentals of Building Construction: Materials and Methods,Edward Allen,General Software & AI,20
"Designing Interior Architecture: Concept, Typology, Material, Construction",Sylvia Leydecker,General Software & AI,20
"Kitchen & bath products and materials : cabinetry, equipment, surfaces",Ellen Cheever,General Software & AI,20
"Construction Materials, Methods and Techniques",William P. Spence,General Software & AI,20
Construction Materials Manual,Manfred Hegger,General Software & AI,20
"Building Materials, Third Edition",S.K. Duggal,General Software & AI,20
"Statics and Strength of Materials for Architecture and Building Construction, 4th Edition",Barry S. Onouye,General Software & AI,20
Building from waste : recovered materials in architecture and construction,Dirk E. Hebel,General Software & AI,20
"Modern earth buildings: Materials, engineering, constructions and applications",Matthew Hall,General Software & AI,20
Strength of materials,Subramanian,General Software & AI,20
"Mechanics of Materials, 8th Edition",R. C. Hibbeler,General Software & AI,20
Engineering Mechanics 2: Mechanics of Materials,Dietmar Gross,General Software & AI,20
"Mechanics of Materials, SI Edition",James M. Gere,General Software & AI,20
Mechanics of materials - Solution Manual,Hibbeler R.C.,General Software & AI,20
"Engineering Materials 1, Third Edition: An Introduction to Properties, Applications and Design",D R H Jones,General Software & AI,20
Strength of Materials (Materials Science and Technologies Series),Gustavo Mendes,General Software & AI,20
Schaum's Outline of Strength of Materials 4th Edition,William A. Nash,General Software & AI,20
Mechanics of materials : an integrated learning system,Timothy A. Philpot,General Software & AI,20
Mechanics of materials: an introduction to the mechanics of elastic and plastic deformation of solids and structural materials,E.J. Hearn,General Software & AI,20
"Engineering Materials 2, Third Edition: An Introduction to Microstructures, Processing and Design",D R H Jones,General Software & AI,20
Strength of Materials,S. S. Rattan,General Software & AI,20
"Mechanics of Materials Volume 1, Third Edition : An Introduction to the Mechanics of Elastic and Plastic Deformation of Solids and Structural Materials",E J Hearn,General Software & AI,20
Fundamentals and Applications of Rock Mechanics,Debashish Deb,General Software & AI,20
Schaum's Outline of Strength of Materials,William Nash,General Software & AI,20
Advanced Mechanics of Materials,Arthur P. Boresi,General Software & AI,20
Mechanics of Solids and Materials,Robert J. Asaro,General Software & AI,20
History of Strength of Materials,Stephen P. Timoshenko,General Software & AI,20
Mechanics of Materials. Instructor's and Solutions Manual,Beer F.P.,General Software & AI,20
Encyclopedia of Survey Research Methods (2 Volume Set),Dr. Paul J. Lavrakas,General Software & AI,20
"Questionnaire Design: How to Plan, Structure and Write Survey Material for Effective Market Research",Ian Brace,General Software & AI,20
"Old Testament Survey: The Message, Form, and Background of the Old Testament, 2nd Edition",Allen,General Software & AI,20
Ancient Israelite Literature in Its Cultural Context: A Survey of Parallels Between Biblical and Ancient Near Eastern Texts,John H. Walton,General Software & AI,20
The Wonder That Was India: A Survey of the Culture of the Indian Sub-Continent Before the Coming of the Muslims,A. L. Basham,General Software & AI,20
Key Themes of the Old Testament: A Survey of Major Theological Themes,David E. Graves,General Software & AI,20
Survey Research Methods,Floyd J. Fowler,General Software & AI,20
A Survey of the Old Testament,Andrew E. Hill,General Software & AI,20
"Design, Evaluation, and Analysis of Questionnaires for Survey Research",Willem E. Saris,General Software & AI,20
"Datums and Map Projections: For Remote Sensing, GIS and Surveying",Jonathan C. Iliffe,General Software & AI,20
"Introducing the New Testament: A Historical, Literary, and Theological Survey",Mark Allan Powell,General Software & AI,20
Designing and Conducting Survey Research: A Comprehensive Guide,Louis M. Rea,General Software & AI,20
"The Wiley handbook of psychometric testing : a multidisciplinary reference on survey, scale, and test development",Irwing,General Software & AI,20
Encountering the New Testament : a historical and theological survey,Elwell,General Software & AI,20
"The Encyclopedia of Eastern Philosophy and Religion: Buddhism, Hinduism, Taoism, Zen — A Complete Survey of the Teachers, Traditions, and Literature of Asian Wisdom",Ingrid Fischer-Schreiber,General Software & AI,20
The message of the Prophets : a survey of the prophetic and apocalyptic books of the Old Testament,J. Daniel Hays,General Software & AI,20
Surveying for Engineers,J. Uren,General Software & AI,20
Encountering the Old Testament: A Christian Survey,Bill T. Arnold,General Software & AI,20
Atmospheric Science: An Introductory Survey,John M. Wallace,General Software & AI,20
Nationalism and modernism: a critical survey of recent theories of nations and nationalism,Prof Anthony D Smith,General Software & AI,20
Excel for Scientists and Engineers - Numerical Methods,E. Joseph Billo,General Software & AI,20
"Numerical Algorithms: Methods for Computer Vision, Machine Learning, and Graphics",Justin Solomon,General Software & AI,20
Numerical Methods for Solving Partial Differential Equations: A Comprehensive Introduction for Scientists and Engineers,George F. Pinder,General Software & AI,20
An Introduction to MATLAB Programming and Numerical Methods for Engineers,Timmy Siauw,General Software & AI,20
Applied Numerical Methods with MATLAB for Engineers and Scientists,Steven C. Chapra Dr.,General Software & AI,20
Numerical Methods in Engineering with Python,Jaan Kiusalaas,General Software & AI,20
Numerical Methods,S. R. K. Iyengar,General Software & AI,20
Numerical Methods for Engineers and Scientists Using MATLAB®,Ramin S. Esfandiari,General Software & AI,20
A Student’s Guide to Numerical Methods,Ian H. Hutchinson [Hutchinson,General Software & AI,20
Numerical Methods for Engineers (7th edition),Steven Chapra,General Software & AI,20
The finite element method in engineering,Rao,General Software & AI,20
Numerical Methods for Ordinary Differential Equations,J. C. Butcher,General Software & AI,20
Numerical Methods in Engineering With Python,Jaan Kiusalaas,General Software & AI,20
Introductory methods of numerical analysis,S.S. Sastry,General Software & AI,20
An Introduction to Numerical Methods and Analysis,James F. Epperson,General Software & AI,20
Numerical methods: problems and solutions,Mahinder Kumar Jain,General Software & AI,20
Numerical Methods in Engineering with Python 3,Jaan Kiusalaas,General Software & AI,20
Numerical Solution of Differential Equations: Introduction to Finite Difference and Finite Element Methods,Zhilin Li,General Software & AI,20
Numerical Solutions Of Partial Differential Equations By The Finite Element Method,Claes Johnson,General Software & AI,20
Numerical Methods for Partial Differential Equations. Finite Difference and Finite Volume Methods,Sandip Mazumder,General Software & AI,20
"The Interior Design Course - Principles, Practices and Techniques for the Aspiring Designer",Tomris Tangaz,General Software & AI,20
Geotechnical Engineering: Principles and Practices of Soil Mechanics and Foundation Engineering (Civil and Environmental Engineering),V.N.S. Murthy,General Software & AI,20
Practical Crime Scene Analysis and Reconstruction (CRC Series in Practical Aspects of Criminal and Forensic Investigations),Ross M. Gardner,General Software & AI,20
Norris - Deconstruction -Theory and Practice,Christopher Norris,General Software & AI,20
Constructing Questions for Interviews and Questionnaires: Theory and Practice in Social Research,William Foddy,General Software & AI,20
Fans and Ventilation: A practical guide,William Cory,General Software & AI,20
Professional Practice for Interior Designers (5th Edition),Piotrowski Christine.,General Software & AI,20
"Indoor Air Quality Guide - Best Practices for Design, Construction, and Commissioning",Unknown Author,General Software & AI,20
"Value Engineering: Practical Applications...for Design, Construction, Maintenance and Operations (RSMeans)",Alphonse Dell'Isola,General Software & AI,20
Steel Structures - Design and Practice,Subramanian,General Software & AI,20
Theory Construction and Model-Building Skills: A Practical Guide for Social Scientists,James Jaccard,General Software & AI,20
Deep Excavation: Theory and Practice,Chang-Yu Ou,General Software & AI,20
Theory and Practice of Pile Foundations,Wei Dong Guo,General Software & AI,20
"Construction Supervision QC + HSE Management in Practice: Quality Control, OHS, and Environmental Performance Reference Guide",Urizar M.,General Software & AI,20
Practical Straw Bale Building,Murray Hollis,General Software & AI,20
Precast Prestressed Concrete Parking Structures: Recommended Practice for Design and Construction,Pci Committee On Parking Marketing & Pro,General Software & AI,20
Compiler Construction: Principles and Practice,Kenneth C. Louden,General Software & AI,20
"Tensile surface structures a practical guide to cable and membrane construction; materials, design, assembly and erection",Michael Seidel,General Software & AI,20
"Planting Wetlands and Dams: A Practical Guide to Wetland Design, Construction and Propagation, Second Edition",Nick Romanowski,General Software & AI,20
Social Constructionism: Sources and Stirrings in Theory and Practice,Andy Lock,General Software & AI,20
Applied mathematics in hydraulic engineering : an introduction to nonlinear differential equations,Mizumura,General Software & AI,20
Handbook of applied hydraulics,Calvin Victor Davis,General Software & AI,20
Applied mathematics in hydraulic engineering: an introduction to nonlinear differential equations,Kazumasa,General Software & AI,20
Concrete technology,Adam M. Neville,General Software & AI,20
Concrete Technology: Theory and Practice,M. S. Shetty,General Software & AI,20
Science and technology of concrete admixtures,Pierre-Claude Aïtcin,General Software & AI,20
Advanced Concrete Technology,Zongjin Li,General Software & AI,20
Advanced concrete technology,John Newman,General Software & AI,20
FRP Composites for Reinforced and Prestressed Concrete Structures: a guide to fundamentals and design for repair and retrofit (Structural Engineering: Mechanics and Design),Peruma Balaguru,General Software & AI,20
concrete technology,M L Gambhir,General Software & AI,20
Building for Eternity: The History and Technology of Roman Concrete Engineering in the Sea,C.J. Brandon,General Software & AI,20
Advanced Concrete Technology 4: Testing & Quality (Advanced Concrete Technology Set),John Newman,General Software & AI,20
Aggregates in Concrete (Modern concrete technology series 13),Alexander,General Software & AI,20
Fundamentals of Durable Reinforced Concrete (Modern Concrete Technology Series (E. & F.N. Spon).),Mark Richardson,General Software & AI,20
"Concrete Admixtures Handbook: Properties, Science, and Technology",V.S. Ramachandran,General Software & AI,20
Handbook on Nondestructive Testing of Concrete Second Edition,V.M. Malhotra,General Software & AI,20
Concrete Technology for Cast In-situ Foundations (CIRIA Report),Neil A. Henderson,General Software & AI,20
Fulton's concrete technology,Gill Owens,General Software & AI,20
Fiber Reinforced Polymers - The Technology Applied for Concrete Repair,Martin Alberto Masuelli,General Software & AI,20
Concrete Abstractions: An Introduction to Computer Science Using Scheme,Max Hailperin,General Software & AI,20
Concrete in Hot Environments (Modern Concrete Technology),I. Soroka,General Software & AI,20
"Handbook of Analytical Techniques in Concrete Science and Technology: Principles,Techniques and Applications",V.S. Ramachandran,General Software & AI,20
The Finite Element Method for Solid and Structural Mechanics,O. C. Zienkiewicz,General Software & AI,20
Fundamentals of the Mechanics of Solids,Paolo Maria Mariano,General Software & AI,20
Nonlinear Solid Mechanics: A Continuum Approach for Engineering,Gerhard A. Holzapfel,General Software & AI,20
The Finite Element Method for Mechanics of Solids with ANSYS Applications,Dill,General Software & AI,20
Engineering Mechanics of Solids (Prentice-Hall International Series in Civil Engineering and Engineering Mechanics),Egor P. Popov,General Software & AI,20
Applied Mechanics of Solids,Allan F. Bower,General Software & AI,20
advanced mechanics of solids,l s srinath,General Software & AI,20
Principles of Solid Mechanics,Rowland Richards  Jr.,General Software & AI,20
Elasticity (Solid Mechanics and Its Applications),J.R. Barber,General Software & AI,20
"MATLAB Codes for Finite Element Analysis: Solids and Structures (Solid Mechanics and Its Applications (157), Band 157)",Antonio J. M. Ferreira,General Software & AI,20
Experimental mechanics of solids and structures,Molimard,General Software & AI,20
"An Introduction to Nonlinear Finite Element Analysis: with applications to heat transfer, fluid mechanics, and solid mechanics",J. N. Reddy,General Software & AI,20
Classical and Computational Solid Mechanics 2ed,Yuan-Cheng Fung,General Software & AI,20
Solid Mechanics in Engineering,Raymond Parnes,General Software & AI,20
Mechanics of Solids and Structures,David W. A. Rees,General Software & AI,20
Analysis of cracks in solids,A. M. Khludnev,General Software & AI,20
Mechanics of Solids and Shells:  Theories and Approximations,Gerald Wempner,General Software & AI,20
Economic concrete frame elements: a pre-scheme design handbook for the rapid sizing and selecton of reinforced concrete frame elements in multi-storey buildings,C. H. Goodchild,General Software & AI,20
Electromagnetic Foundations of Electrical Engineering,J. A. Brandao Faria,General Software & AI,20
"Physics for Scientists and Engineers: Foundations and Connections, Extended Version with Modern Physics",Debora M. Katz,General Software & AI,20
"Foundations of Game Engine Development, Volume 1: Mathematics",Eric Lengyel,General Software & AI,20
"Information Security: Foundations, technologies and applications",Ali Ismail Awad,General Software & AI,20
Principles of Foundation Engineering,Braja M. Das,General Software & AI,20
Advanced Foundation Engineering: Geotechnical Engineering Series,V N S Murthy,General Software & AI,20
"Principles of Foundation Engineering, 9th Edition, SI Edition",Braja M. Das & Nagaratnam Sivakugan,General Software & AI,20
Beginning Unreal Game Development: Foundation for Simple to Complex Games Using Unreal Engine 4,David Nixon [David Nixon],General Software & AI,20
Foundation Analysis and Design,Joseph E. Bowles,General Software & AI,20
Foundations of Game Engine Development Volume 2 Rendering,Eric Lengyel,General Software & AI,20
"Engineering Mathematics. A Foundation for Electronic, Electrical, Communications and Systems Engineers",Anthony Croft,General Software & AI,20
Foundations of Materials Science and Engineering,Willaim Smith,General Software & AI,20
"Failure Case Studies in Civil Engineering: Structures, Foundations, and the Geoenvironment",Paul A. Bosela,General Software & AI,20
Requirements Engineering Fundamentals: A Study Guide for the Certified Professional for Requirements Engineering Exam - Foundation Level - IREB compliant,Klaus Pohl,General Software & AI,20
Play with Graphs for RMO INMO IIT JEE Foundation main Advanced Essential Coaching Engineering Entrance Exams IITJEE Examination Amit Agarwal Arihant ISBN 9788188222230,Amit Agarwal Arihant,General Software & AI,20
Bridgecourse Physics Arihant for self study after class 10 Boards Part 1 upto page 267 by Vikas Jain IIT JEE Engineering Medical Foundation KVPY Olympiad,Vikas Jain,General Software & AI,20
Foundations of materials science and engineering,William Smith,General Software & AI,20
"Concrete Foundations for Turbine Generators: Analysis, Design, and Construction",Task Committee on Turbine Generator Foundations,General Software & AI,20
"Data Analysis From Scratch With Python: Beginner Guide using Python, Pandas, NumPy, Scikit-Learn, IPython, TensorFlow and Matplotlib",Peters Morgan,General Software & AI,20
"Data Structures and Algorithm Analysis in C++, 3rd Edition",Dr. Clifford A. Shaffer,General Software & AI,20
"The Art and Science of Technical Analysis: Market Structure, Price Action, and Trading Strategies",Adam Grimes,General Software & AI,20
Elementary Structural Analysis and Design of Buildings: A Guide for Practicing Engineers and Students,Dominick R. Pilla,General Software & AI,20
Data Structures and Algorithm Analysis in C++,Mark A. Weiss,General Software & AI,20
Technical Analysis Using Multiple Timeframes - Understanding Market Structure and Profit from Trend Alignment,Brian Shannon,General Software & AI,20
Learning Spark: Lightning-Fast Big Data Analysis,Holden Karau,General Software & AI,20
An Introduction to the Analysis of Algorithms,Robert Sedgewick,General Software & AI,20
Fundamentals of Structural Analysis,Kenneth M. Leet,General Software & AI,20
MATLAB Codes for Finite Element Analysis - Solids and Structures,Ferreira,General Software & AI,20
Introduction to the Design and Analysis of Algorithms,Anany Levitin,General Software & AI,20
Structural Analysis - Hibbeler,Russell C. Hibbeler,General Software & AI,20
Design and analysis of connections in steel structures: fundamentals and examples,Boracchini,General Software & AI,20
"Image processing, Analysis, and Machine Vision",Milan Sonka,General Software & AI,20
Meta-Analysis: A Structural Equation Modeling Approach,Mike W.-L. Cheung,General Software & AI,20
Design and Analysis of Data Structures,Niema Moshiri,General Software & AI,20
Structural mechanics : modelling and analysis of frames and trusses,Dahlblom,General Software & AI,20
"Handbook of Scheduling: Algorithms, Models, and Performance Analysis",James H. Anderson,General Software & AI,20
Reinforced Concrete Structures: Analysis and Design,David A. Fanella,General Software & AI,20
Water Supply Engineering: In S.I. Units,Dr. B. C. Punmia,General Software & AI,20
Environmental Engineering Principles and Practices (Water Supply Engineering),N. S. Varandani,General Software & AI,20
Water supply and sewerage (McGraw-Hill series in water resources and environmental engineering),E. W Steel,General Software & AI,20
"Water Supply and Wastewater Removal: Fair, Geyer, and Okun’s Water and Wastewater Engineering",Nazih K. Shammas,General Software & AI,20
"The principles, construction, and application of pumping machinery (steam and water pressure) : with practical illustrations of engines and pumps applied to mining, town water supply, drainage of lands, etc. ; also economy and efficiency trials of pumping",Davey,General Software & AI,20
Natural and engineered solutions for drinking water supplies: lessons from the northeastern United States and directions for global watershed management,Emily Alcott,General Software & AI,20
The water supply of towns and the construction of waterworks : a practical treatise for the use of engineers and students of engineering,Burton,General Software & AI,20
Water-Supply Engineering and Sewage Disposal = Водоснабжение и водоотведение : в 2 ч. Ч.1,Пучко,General Software & AI,20
"Water Supply and Wastewater Removal_ Fair, Geyer, and Okun’s Water and Wastewater Engineering",Nazih K. Shammas_ Lawrence K. Wang,General Software & AI,20
Водоснабжение и водоотведение = Water-supply engineering and sewage disposal,Зозон,General Software & AI,20
"Structural Elements for Architects and Builders: Design of columns, beams, and tension elements in wood, steel, and reinforced concrete",Jonathan Ochshorn,General Software & AI,20
"Behavior, Analysis and Design of Structural Steel Elements",El-Sayed Bahaa Machaly,General Software & AI,20
EN 1993-1-5: 2006 Eurocode 3 - Design of steel structures - Part 1-5: Plated structural elements,Unknown Author,General Software & AI,20
Irrigation Engineering,R. N. Reddy,General Software & AI,20
Irrigation and Water Resources Engineering,G. L. Asawa,General Software & AI,20
"Micro Irrigation Engineering for Horticultural Crops: Policy Options, Scheduling, and Design",Goyal,General Software & AI,20
Applied Irrigation Engineering,Allah Bakhsh and Muhammad Rafiq Choudhry,General Software & AI,20
"Engineering Interventions in Sustainable Trickle Irrigation: Water Requirements, Uniformity, Fertigation, and Crop Performance",Megh Raj Goyal,General Software & AI,20
Irrigation practice and engineering. Volume 3. Irrigation structures and distribution system,Etcheverry B.A.,General Software & AI,20
Irrigation practice and engineering. Volume 1. Use of irrigation water and irrigation practice,Etcheverry B.A.,General Software & AI,20
Irrigation practice and engineering. Volume 2. Conveyance of water,Etcheverry B.A.,General Software & AI,20
Irrigation Engineering and Hydraulic Structures,Santosh Kumar Garg,General Software & AI,20
Irrigation engineering,Davis Arthur Powell,General Software & AI,20
Water for Agriculture: Irrigation Economics in International Perspective (Spon's Environmental Science and Engineering),Stephen Merrett,General Software & AI,20
Computational analysis and design of bridge structures,C  C Fu,General Software & AI,20
"Highway engineering : planning, design, and operations",Daniel J. Findley,General Software & AI,20
Principles of Highway Engineering and Traffic Analysis,Fred L. Mannering,General Software & AI,20
"Traffic & Highway Engineering , Fouth Edition",Nicholas J. Garber,General Software & AI,20
"Highway Engineering : Pavements, Materials and Control of Quality",Nikolaides,General Software & AI,20
Traffic engineering what? why? how?,Arizona Highway Department,General Software & AI,20
The Handbook of Highway Engineering,T.F. Fwa,General Software & AI,20
Highway Engineering,S.K Khanna,General Software & AI,20
Highway Bridge Superstructure Engineering : LRFD Approaches to Design and Analysis,Narendra Taly,General Software & AI,20
Highway surveying manual,Environmental and Engineering Service Center (Wash.). Design Office.,General Software & AI,20
"Transportation Engineering: A Practical Approach to Highway Design, Traffic Analysis, and Systems Operation",Beverly T. Kuhn,General Software & AI,20
Spon's Civil Engineering and Highway Works Price Book 2018,AECOM,General Software & AI,20
"Current and Future Trends in Bridge Design, Construction and Maintenance 2: Safety, Economy, Sustainability, and Aesthetics",Institution of Civil Engineers,General Software & AI,20
Geometric Design Projects for Highways: An Introduction,John G. Schoon,General Software & AI,20
Highway and Traffic Engineering in Developing Countries,B. Thagesen,General Software & AI,20
"Principles of Applied Civil Engineering Design: Producing Drawings, Specifications, and Cost Estimates for Heavy Civil Projects",Ying-Kit Choi,General Software & AI,20
"Systems Life Cycle Costing: Economic Analysis, Estimation, and Management (Engineering Management Series)",John V. Farr,General Software & AI,20
Product Manufacturing and Cost Estimating Using Cad/Cae. The Computer Aided Engineering Design Series,Kuang-Hua Chang (Auth.),General Software & AI,20
Military Jet Engine Acquistion: Technology Basics and Cost-Estimating,Obaid Younossi,General Software & AI,20
Handbook of Cost Engineering for Space Transportation Systems: With TRANSCOST 7.2; Statistical-analytical Model for Cost Estimation and Economical Optimization of Launch Vehicles,Koelle,General Software & AI,20
Mathematical physics (Mathematical Methods for Physical Science),Derek Raine,General Software & AI,20
Assistive Technologies for Physical and Cognitive Disabilities,Lau Bee Theng,General Software & AI,20
Physics for Electronics Engineering and Information Science,S. Salivahanan,General Software & AI,20
Mathematical methods for the physical sciences : an informal treatment for students of physics and engineering,K  F Riley,General Software & AI,20
"Nuclear Science: Nuclear Production of Hydrogen Fourth Information Exchange Meeting, Oakbrook, Illinois, USA, 14-16 April 2009",Organization for Economic Cooperation an,General Software & AI,20
Discrete Mathematics and Its Applications,Kenneth Rosen,General Software & AI,20
"Schaums Outline of Discrete Mathematics, Revised Third Edition",Seymour Lipschutz,General Software & AI,20
Discrete Mathematics with Applications,Susanna S. Epp,General Software & AI,20
Discrete Fourier Analysis and Wavelets: Applications to Signal and Image Processing,S. Allen Broughton,General Software & AI,20
A Beginner's Guide to Discrete Mathematics,W. D. Wallis,General Software & AI,20
"Discrete Mathematics and Its Applications, seventh edition",Kenneth Rosen,General Software & AI,20
Discrete mathematics and its applications,Rosen,General Software & AI,20
Essential Discrete Mathematics for Computer Science,Harry Lewis,General Software & AI,20
Foundations of Discrete Mathematics with Algorithms and Programming,Sriraman Sridharan,General Software & AI,20
Logic and Discrete Mathematics: A Concise Introduction,Willem Conradie,General Software & AI,20
Mathematics for Computer Science,Eric Lehman,General Software & AI,20
How to Prove It: A Structured Approach,Velleman D. J.,General Software & AI,20
Discrete Mathematics Demystified,Steven Krantz,General Software & AI,20
Discrete Mathematics,Richard Johnsonbaugh,General Software & AI,20
Student’s Solutions Guide to Accompany Discrete Mathematics and Its Applications,Kenneth H Rosen,General Software & AI,20
"Discrete and Combinatorial Mathematics: An Applied Introduction, Fifth Edition",Ralph P. Grimaldi,General Software & AI,20
Proofs that really count: the art of combinatorial proof,Arthur T. Benjamin,General Software & AI,20
Discrete Mathematics for Computer Science,David Liben-Nowell,General Software & AI,20
Essential discrete mathematics for computer science,Lewis HARRY.,General Software & AI,20
"Principles of Transistor Circuits. Introduction to the Design of Amplifiers, Receivers and Digital Circuits",S W Amos (Auth.),General Software & AI,20
Digital Principles and Logic Design,Arijit Saha,General Software & AI,20
"Digital Signal Processing. Principles, Algorithms and System Design",Winser Alexander and Cranos M. Williams (Auth.),General Software & AI,20
"Digital Design for Print and Web: An Introduction to Theory, Principles, and Techniques",John DiMarco,General Software & AI,20
Digital Design: Principles and Practices,John F. Wakerly,General Software & AI,20
Digital Systems : Principles and Design (For Anna University),Raj Kamal,General Software & AI,20
"Digital Design: Principles and Practices, Chegg Solution Manual",John F. Wakerly,General Software & AI,20
Visual Usability. Principles and Practices for Designing Digital Applications,Tania Schlatter and Deborah Levinson (Auth.),General Software & AI,20
Digital design: principles and practices,Wakerly,General Software & AI,20
Principles of power integrity for PDN design -- simplified : robust and cost effective design for high speed digital products,Larry D. Smith & Eric Bogatin,General Software & AI,20
Digital Principles and Logic Design (Engineering) (Computer Science) (Engineering Series),Arijit Saha,General Software & AI,20
Digital Design: Basic Concepts and Principles,Mohammad A. Karim,General Software & AI,20
Digital Design: Principles and Practices (3rd Edition) Solution Manual,John F. Wakerly,General Software & AI,20
Digital Design: Principles and Practices (3rd Edition),John F. Wakerly,General Software & AI,20
Digital Sonar Design in Underwater Acoustics: Principles and Applications,Qihu Li,General Software & AI,20
"Extreme C: Taking You To The Limit In Concurrency, OOP, And The Most Advanced Capabilities Of C",Kamran Amini,General Software & AI,20
"Learning Object-Oriented Programming: Explore and crack the OOP code in Python, JavaScript, and C#",Gaston C. Hillar,General Software & AI,20
Oop - Learn Object Oriented Thinking and Programming,Rudolf Pecinovsky,General Software & AI,20
99 Bottles of OOP: A Practical Guide to Object-Oriented Design,Katrina Owen and Sandi Metz,General Software & AI,20
Fundamentals of OOP and Data Structures in Java,Richard Wiener,General Software & AI,19
"Learn Kotlin Programming: A comprehensive guide to OOP, functions, concurrency, and coroutines in Kotlin 1.3, 2nd Edition",Stephen Samuel,General Software & AI,20
OOP Concepts Booster: Take Your Coding Skills to the Next Level,Rakesh Singh,General Software & AI,20
OOP Demystified,James Keogh,General Software & AI,20
OOP with Microsoft Visual Basic.NET and Microsoft Visual C# .NET step by step,Robin A Reynolds-Haertle,General Software & AI,20
"Mastering Object-Oriented Python: Build powerful applications with reusable code using OOP design patterns and Python 3.7, 2nd Edition",Lott,General Software & AI,20
"Extreme C: Taking you to the limit in Concurrency, OOP, and the most advanced capabilities of C",Kamran Amini,General Software & AI,20
Oops! Did I Really Post That?: Online Etiquette in the New Digital Age,Hickey,General Software & AI,20
OOP Concepts Booster : Take Your Coding Skills to the Next Level,Rakesh Singh,General Software & AI,20
PHP 5 OOP,Ilia Alshanetsky,General Software & AI,20
OOP demystified,Jim Keogh,General Software & AI,20
OOPS! ’I’ fell in love! just by chance...,Snehanshu Harsh,General Software & AI,20
From COBOL to OOP,Markus Knasmüller (Auth.),General Software & AI,20
"Coding Theory - Algorithms, Architectures, and Applications",Andre Neubauer,General Software & AI,20
Classic Computer Science Problems in Python,David Kopec,General Software & AI,20
The Algorithm Design Manual,Steven S. Skiena,General Software & AI,20
Data Structures and Algorithms Made Easy: Data Structures and Algorithmic Puzzles,Narasimha Karumanchi,General Software & AI,20
Algorithms for Dummies,John Paul Mueller,General Software & AI,20
Learning Algorithms Through Programming and Puzzle Solving,Alexander S. Kulikov,General Software & AI,20
Data Structures and Algorithms in Python,Michael T. Goodrich,General Software & AI,20
Algorithms Illuminated (Part 2): Graph Algorithms and Data Structures,Tim Roughgarden,General Software & AI,20
The Art of Data Science: A Guide for Anyone Who Works with Data,Roger D. Peng,General Software & AI,20
Information Dashboard Design: The Effective Visual Communication of Data,Stephen Few,General Software & AI,20
Dynamic Programming for Coding Interviews: A Bottom-Up Approach to Problem Solving,Meenakshi,General Software & AI,20
Algorithms Unlocked,Thomas H. Cormen,General Software & AI,20
Data Structure and Algorithmic Thinking with Python  Data Structure and Algorithmic Puzzles,Narasimha Karumanchi,General Software & AI,20
Deep Learning for Computer Vision with Python,Adrian Rosebrock,General Software & AI,20
"Algorithms, 4th Edition: Essential Information about Algorithms and Data Structures",Robert Sedgewick,General Software & AI,20
Data Science For Dummies,Lillian Pierson,General Software & AI,20
Analytics in a Big Data World: The Essential Guide to Data Science and its Applications,Bart Baesens,General Software & AI,20
Serious Cryptography: A Practical Introduction to Modern Encryption,Jean-Philippe Aumasson,General Software & AI,20
Data Structures and Algorithms in C++,Adam Drozdek,General Software & AI,20
"Python Deep Learning: Exploring deep learning techniques, neural network architectures and GANs with PyTorch, Keras and TensorFlow",Ivan Vasilev,General Software & AI,20
Clean Architecture: A Craftsman’s Guide to Software Structure and Design,Robert C. Martin,General Software & AI,20
"Internet of Things: Architectures, Protocols and Standards",Simone Cirani,General Software & AI,20
"Computer Architecture, Sixth Edition: A Quantitative Approach",John L. Hennessy,General Software & AI,20
Computer Systems: A Programmer's Perspective,Randal E. Bryant,General Software & AI,20
Practical C++ Design: From Programming to Architecture,Adam B. Singer,General Software & AI,20
Semantic Software Design: A New Theory and Practical Guide for Modern Architects,Eben Hewitt,General Software & AI,20
Practical Microservices Architectural Patterns - Event-Based Java Microservices with Spring Boot and Spring Cloud,Binildas Christudas,General Software & AI,20
Computer Organization and Architecture Designing for Performance 10th Edition,William Stallings,General Software & AI,20
"SQL & NoSQL Databases: Models, Languages, Consistency Options and Architectures for Big Data Management",Andreas Meier,General Software & AI,20
Software Architecture Patterns,Mark Richards,General Software & AI,20
"Fundamentals of Neural Networks: Architectures, Algorithms, and Applications",Fausett L.,General Software & AI,20
Software architecture in practice,Len Bass,General Software & AI,20
The Elements of Computing Systems: Building a Modern Computer from First Principles,Noam Nisan,General Software & AI,20
Serverless Architectures on AWS: With examples using AWS Lambda,Peter Sbarski,General Software & AI,20
"Digital Design and Computer Architecture, Second Edition",David M. Harris,General Software & AI,20
Game Engine Architecture,Jason Gregory,General Software & AI,20
Building Intelligent Cloud Applications: Develop Scalable Models Using Serverless Architectures with Azure,John Biggs,General Software & AI,20
API Architecture - The Big Picture for Building APIs,Matthias Biehl,General Software & AI,20
"Database Systems: Design, Implementation, and Management",Carlos Coronel,General Software & AI,20
"Database Modeling and Design, Fifth Edition: Logical Design (The Morgan Kaufmann Series in Data Management Systems)",Toby J. Teorey,General Software & AI,20
"Database Systems: A Practical Approach to Design, Implementation, and Management: Global Edition",Thomas Connolly,General Software & AI,20
Database Management Systems,Raghu Ramakrishnan,General Software & AI,20
"Introduction to Database Management System, 2nd Edition",Satinder Bal Gupta,General Software & AI,20
"Database Systems  Design, Implementation, & Management",Carlos Coronel,General Software & AI,20
"Pro Python System Administration - Learn to manage and monitor your network, web servers, and databases with Python",Sileika R.,General Software & AI,20
Fundamentals of Database Management Systems,Mark L. Gillenson,General Software & AI,20
"Database Systems: Design, Implementation, & Management",Carlos Coronel,General Software & AI,20
"Database Systems: A Practical Approach to Design, Implementation, and Management",Thomas Connolly,General Software & AI,20
"Joe Celko's Thinking in Sets: Auxiliary, Temporal, and Virtual Tables in SQL (The Morgan Kaufmann Series in Data Management Systems)",Joe Celko,General Software & AI,20
Distributed Database Management Systems: A Practical Approach,Saeed K. Rahimi,General Software & AI,20
Spatial Databases: With Application to GIS (The Morgan Kaufmann Series in Data Management Systems),Philippe Rigaux,General Software & AI,20
"Spatial Database Systems: Design, Implementation and Project Management",Albert K.W. Yeung,General Software & AI,20
Joe Celko's Data and Databases: Concepts in Practice (The Morgan Kaufmann Series in Data Management Systems),Joe Celko,General Software & AI,20
Concept of Database Management Systems,V.K. Pallaw,General Software & AI,20
Information Modeling and Relational Databases: From Conceptual Analysis to Logical Design (The Morgan Kaufmann Series in Data Management Systems),Terry Halpin,General Software & AI,20
Design and Analysis of Algorithms. A contemporary Perspective,Sandeep Sen,General Software & AI,20
The Design and Analysis of Computer Algorithms,Alfred V. Aho,General Software & AI,20
"Introduction to the Design and Analysis of Algorithms, 3rd Edition",Anany Levitin,General Software & AI,20
"Introduction to The Design and Analysis of Algorithms, 2nd Edition Solution Manual",Anany Levitin,General Software & AI,20
"Numerical Methods: Design, Analysis, and Computer Implementation of Algorithms",Anne Greenbaum,General Software & AI,20
Analog Electronics Applications: Fundamentals of Design and Analysis,Hernando Lautaro Fernandez-Canque,General Software & AI,20
"Algorithmics of Large and Complex Networks: Design, Analysis, and Simulation",Deepak Ajwani,General Software & AI,20
The Design and Analysis of Parallel Algorithms,Selim G. Akl,General Software & AI,20
Introduction to the Design and Analysis of Algorithms (2nd Edition),Anany Levitin,General Software & AI,20
Design and Analysis of Distributed Algorithms (Wiley Series on Parallel and Distributed Computing),Nicola Santoro,General Software & AI,20
Analysis And Design Of Algorithms,Amrinder Arora,General Software & AI,20
Design and Analysis of Distributed Algorithms,Nicola Santoro,General Software & AI,20
Design and Analysis of Algorithms: A Contemporary Perspective,Sandeep Sen,General Software & AI,20
Design and Analysis of Randomized Algorithms: Introduction to Design Paradigms,Juraj Hromkovič,General Software & AI,20
"Introduction to the Design and Analysis of Algorithms, 3rd edition - Solution Manual",Anany Levitin,General Software & AI,20
"Analysis of Messy Data Volume 1: Designed Experiments, Second Edition",George A. Milliken,General Software & AI,20
The Linux Command Line: A Complete Introduction,William E. Shotts,General Software & AI,20
Linux Command Line and Shell Scripting Bible,Richard Blum,General Software & AI,20
Operating System Concepts,Abraham Silberschatz,General Software & AI,20
How Linux Works: What Every Superuser Should Know,Brian Ward,General Software & AI,20
"Linux All-In-One For Dummies, 6th Edition",Emmett Dulaney,General Software & AI,20
"Learn Kali Linux 2019: Perform Powerful Penetration Testing Using Kali Linux, Metasploit, Nessus, Nmap, And Wireshark",Glen D. Singh,General Software & AI,20
Modern Operating Systems,Andrew S. Tanenbaum,General Software & AI,20
Linux system programming: talking directly to the kernel and C library,Robert Love,General Software & AI,20
UNIX and Linux System Administration Handbook,Evi Nemeth et al.,General Software & AI,20
Operating Systems: Three Easy Pieces,Remzi H. Arpaci-Dusseau,General Software & AI,20
Ubuntu Linux Toolbox: 1000+ Commands for Ubuntu and Debian Power Users,Christopher Negus,General Software & AI,20
Linux in Action,David Clinton,General Software & AI,20
Android App Development For Dummies,Michael Burton,General Software & AI,20
深入理解计算机系统,Randal E. Bryant,General Software & AI,20
Linux for Developers Jumpstart Your Linux Programming Skills,William “Bo” Rothwell,General Software & AI,20
Linux: The Textbook,Syed Mansoor Sarwar,General Software & AI,20
"Linux: This Book Includes 4 Manuscripts. The Underground Bible to the UNIX Operating System with Tools On Security and Kali Hacking to Understand Computer Programming, Data Science and Command Line",Growth,General Software & AI,20
Linux For Beginners: The Ultimate Guide To The Linux Operating System & Linux,Vardy Adam.,General Software & AI,20
Robot Operating System (ROS) for Absolute Beginners: Robotics Programming Made Easy,Lentin Joseph,General Software & AI,20
"Hands-On Docker for Microservices with Python: Design, deploy, and operate a complex system with multiple microservices using Docker and Kubernetes",Jaime Buelta,General Software & AI,20
Introduction to Python for Science and Engineering,David J. Pine,General Software & AI,20
Software Engineering at Google,Hyrum Wright,General Software & AI,20
An Introduction to MATLAB® Programming and Numerical Methods for Engineers,Timmy Siauw,General Software & AI,20
Optimization in Practice with MATLAB®: For Engineering Students and Professionals,Achille Messac,General Software & AI,20
Fundamentals of Software Architecture: An Engineering Approach,Mark Richards,General Software & AI,20
"Software Engineering, 10th Edition",Ian Sommerville,General Software & AI,20
Software Engineering with UML,Bhuvan Unhelkar,General Software & AI,20
"The Mythical Man-Month: Essays on Software Engineering, Anniversary Edition (2nd Edition)",Frederick P. Brooks,General Software & AI,20
"How software works : the magic behind encryption, CGI, search engines, and other everyday technologies",Hyde,General Software & AI,20
Security for Software Engineers,James Helfrich,General Software & AI,20
Hands-On Software Engineering with Python: Move beyond basic programming and construct reliable and efficient software with complex code,Brian Allbee,General Software & AI,20
"Building a Game with Unity and Blender: Learn how to build a complete 3D game using the industry-leading Unity game development engine and Blender, the graphics software that gives life to your ideas",Lee Zhi Eng,General Software & AI,20
MATLAB Programming with Applications for Engineers,Stephen J. Chapman,General Software & AI,20
Software Engineering: Architecture-driven Software Development,Richard F Schmidt,General Software & AI,20
MATLAB Control Systems Engineering,Cesar Perez Lopez,General Software & AI,20
Mathematics for Physical Science and Engineering: Symbolic Computing Applications in Maple and Mathematica,Frank E. Harris,General Software & AI,20
Engineering Analysis with ANSYS Software,Tadeusz Stolarski,General Software & AI,20
"An Engineer's Guide to MATLAB: With Applications from Mechanical, Aerospace, Electrical, Civil, and Biological Systems Engineering, 3rd Edition",Edward B. Magrab,General Software & AI,20
Numerical Linear Algebra Theory and Applications,Larisa Beilina,General Software & AI,20
"On the algebraical and numerical theory of errors of observations and the combination of observations (2nd editions, revised, 1875)",Sir George Biddell Airy,General Software & AI,20
Webster's New World Essential Vocabulary for SAT and GRE,David Alan Herzog,General Software & AI,20
"Linux Basics for Hackers: Getting Started with Networking, Scripting, and Security in Kali",OccupyTheWeb,General Software & AI,20
"The Fine Art of Small Talk: How To Start a Conversation, Keep It Going, Build Networking Skills -- and Leave a Positive Impression!",Debra Fine,General Software & AI,20
"Computer Networking: A Top-Down Approach, 7th Edition",James Kurose,General Software & AI,20
The Illustrated Network: How TCP/IP Works in a Modern Network,Walter Goralski,General Software & AI,20
Learn Keras for Deep Neural Networks: A Fast-Track Approach to Modern Deep Learning with Python,Jojo John Moolayil,General Software & AI,20
Networking All-in-One For Dummies,Doug Lowe,General Software & AI,20
Understanding Network Hacks: Attack and Defense with Python,Bastian Ballmann (auth.),General Software & AI,20
Instagram Marketing For Business: How To Get More Targeted Followers And Build A Brand On Instagram,Goodwin Martin.,General Software & AI,20
"Artificial Intelligence for Humans, Volume 3: Deep Learning and Neural Networks",Jeff Heaton,General Software & AI,20
"Attacking Network Protocols: A Hacker’s Guide to Capture, Analysis, and Exploitation",James Forshaw,General Software & AI,20
Hacklog Volume 1 Anonymity: IT Security & Ethical Hacking Handbook,Stefano Novelli,General Software & AI,20
Neural Networks: A Visual Introduction for Beginners,Michael Taylor,General Software & AI,20
"Dropshipping: Six-Figure Dropshipping Blueprint: Step by Step Guide to Private Label, Retail Arbitrage, Amazon FBA, Shopify",Hawk Jason.,General Software & AI,20
TensorFlow in 1 Day Make your own Neural Network,Krishna Rungta,General Software & AI,20
"The TCP/IP Guide: A Comprehensive, Illustrated Internet Protocols Reference",Charles M. Kozierok,General Software & AI,20
AWS Certified Solutions Architect Practice Tests: Associate SAA-C01 Exam,Brett McLaughlin,General Software & AI,20
Complete Stories and Poems of Edgar Allan Poe,Edgar Allan Poe,General Software & AI,20
Introduction to Microprocessors and Microcontrollers,John Crisp,General Software & AI,20
The 8051 Microcontroller and Embedded Systems Using Assembly and C,Muhammad Ali Mazidi,General Software & AI,20
"Microprocessors And Microcontrollers Architecture, Programming And System Design 8085, 8086, 8051, 8096",Krishna Kant,General Software & AI,20
Microprocessor and Microcontroller System,A. P. Godse and Mrs. D. A. Godse,General Software & AI,20
Programming and customizing the PIC microcontroller,Myke Predko,General Software & AI,20
Microprocessors and Microcontrollers (Second Edition),R.S. Kaler,General Software & AI,20
"8051 Microcontroller and Embedded Systems, The",Muhammad Ali Mazidi,General Software & AI,20
"Designing Embedded Systems with PIC Microcontrollers, Second Edition: Principles and Applications",Tim Wilmshurst,General Software & AI,20
Embedded Systems Design with the Atmel AVR Microcontroller (Synthesis Lectures on Digital Circuits and Systems),Steven Barrett,General Software & AI,20
Atmel AVR Microcontroller Primer: Programming and Interfacing,Steven F. Barrett,General Software & AI,20
"Simple ESP8266 Microprocessor Utilizing projects hands on: Send Text Message (SMS), Send E-mail utilizing PIC Microcontroller, Home Automation utilizing ESP8266, Arduino IDE and Flashing its Memory.",K,General Software & AI,20
Programming and Customizing the Avr Microcontroller,Unknown Author,General Software & AI,20
C Programming for Microcontrollers Featuring ATMEL's AVR Butterfly and the free WinAVR Compiler,Joe Pardue,General Software & AI,20
"The 8051 Microcontroller Architecture, Programming and Applications",Delmar Thomson,General Software & AI,20
Microcontrollers Fundamentals for Engineers And Scientists,Steven F. Barrett,General Software & AI,20
Analog and Digital Circuits for Electronic Control System Applications: Using the TI MSP430 Microcontroller,Jerry Luecke,General Software & AI,20
HCS12 Microcontroller and Embedded Systems: Using Assembly and C with CodeWarrior,Muhammad Ali Mazidi and Danny Causey,General Software & AI,20
"Microprocessors and Microcontrollers: Architecture, Programming & Interfacing using 8085, 8086, and 8051",S.K Mandal,General Software & AI,20
Embedded Systems Design with 8051 Microcontrollers Hardware and Software,Zdravko Karakehayov,General Software & AI,20
"The 8051 Microcontroller Architecture, Programming And Applications",Delmar Thomson,General Software & AI,20
Elements of Information Theory,Thomas M. Cover,General Software & AI,20
Introduction to the Theory of Computation,Michael Sipser,General Software & AI,20
Practical Artificial Intelligence with Swift: From Fundamental Theory to Development of AI-Driven Apps,Mars Geldard,General Software & AI,20
Essentials of Computational Chemistry: Theories and Models,Christopher J. Cramer,General Software & AI,20
Algorithms and theory of computation handbook,Mikhail J. Atallah,General Software & AI,20
What Can Be Computed?: A Practical Guide to the Theory of Computation,John MacCormick,General Software & AI,20
Theory of modeling and simulation: discrete event and iterative system computational foundations,Kofman,General Software & AI,20
Theory of Computational Complexity,Ding-Zhu Du,General Software & AI,20
Introduction to Languages and the Theory of Computation,John Martin,General Software & AI,20
"Financial Risk Forecasting : The Theory and Practice of Forecasting Market Risk, with Implementation in R and Matlab",Jón Daníelsson,General Software & AI,20
Fundamentals of Wireless Sensor Networks: Theory and Practice (Wireless Communications and Mobile Computing),Waltenegus Dargie,General Software & AI,20
Elements of Information Theory Solutions Manual,Thomas M. Cover and Joy A. Thomas,General Software & AI,20
Computers and Intractability: A Guide to the Theory of NP-Completeness,Michael R. Garey,General Software & AI,20
The Joy of Sets. Fundamentals of Contemporary Set Theory,Keith Devlin,General Software & AI,20
"Theory of Computer Science: Automata, Languages and Computation",K. L. P. Mishra,General Software & AI,20
Theory and computation of electromagnetic fields,Jin,General Software & AI,20
Elements of the Theory of Computation (2nd Edition),Harry Lewis,General Software & AI,20
Head First Object-Oriented Analysis and Design,Brett D. McLaughlin,General Software & AI,20
Systems Analysis and Design: An Object-Oriented Approach with UML,Alan Dennis,General Software & AI,20
Object-oriented analysis and design with applications,Grady Booch,General Software & AI,20
Object-oriented Analysis And Design: Understanding System Development With UML 2.0,Mike O'Docherty,General Software & AI,20
Applying Uml And Patterns An Introduction To Object-Oriented Analysis And Design And The Unified Process,Unknown Author,General Software & AI,20
"Object-Oriented Analysis and Design for Information Systems. Modeling with UML, OCL, and IFML",Raul Sidnei Wazlawick (Auth.),General Software & AI,20
Object-Oriented Analysis and Design with UML : Training Course,Adegboyega Ojo,General Software & AI,20
Head first object-oriented analysis and design,Brett McLaughlin,General Software & AI,20
Object-Oriented Analysis and Design with Applications,Grady Booch,General Software & AI,20
Object-oriented systems analysis and design,Ashrafi,General Software & AI,20
Object-Oriented Analysis and Design,Sarnath Ramnath,General Software & AI,20
Object-Oriented Information Systems Analysis and Design Using UML,Simon Bennett,General Software & AI,20
Functional and Object Oriented Analysis and Design: An Integrated Methodology,Peretz Shoval,General Software & AI,20
UML 2 and the Unified Process: Practical Object-Oriented Analysis and Design (2nd Edition),Jim Arlow,General Software & AI,20
Head First Object-Oriented Analysis and Design: A Brain Friendly Guide to OOA&D,Brett McLaughlin,General Software & AI,20
Java Programming Fundamentals: Problem Solving Through Object Oriented Analysis and Design,Premchand S. Nair,General Software & AI,20
Developing Software with UML: Object-Oriented Analysis and Design in Practice (2nd Edition),Bernd Oestereich,General Software & AI,20
Applying UML and Patterns: An Introduction to Object-Oriented Analysis and Design and Iterative Development (3rd Edition),Craig Larman,General Software & AI,20
Internet of Things Programming Projects: Build modern IoT solutions with the Raspberry Pi 3 and Python,Colin Dow,General Software & AI,20
Python Network Programming Cookbook: Practical solutions to overcome real-world networking challenges,Pradeeban Kathiravelu,General Software & AI,20
"The DevOps 2.5 Toolkit: Monitoring, Logging, and Auto-Scaling Kubernetes: Making Resilient, Self-Adaptive, And Autonomous Kubernetes Clusters",Viktor Farcic,General Software & AI,20
Designing the Internet of Things,Adrian McEwen,General Software & AI,20
Bluetooth Low Energy in iOS Swift: Your Guide to Programming the Internet of Things,Tony Gaitatzis,General Software & AI,20
Internet of Things Programming Projects: Build Modern IoT Solutions with the Raspberry Pi 3 and Python,Colin Dow,General Software & AI,20
Python programming for Arduino: develop practical Internet of things prototypes and applications with Arduino and Python,Desai,General Software & AI,20
"Practical Python Programming for IoT: Build advanced IoT projects using a Raspberry Pi 4, MQTT, RESTful APIs, WebSockets, and Python 3",Gary Smart,General Software & AI,20
How the Internet Happened: From Netscape to the iPhone,Brian McCullough,General Software & AI,20
Learning Internet of Things: Explore and learn about Internet of Things with the help of engaging and enlightening tutorials designed for Raspberry Pi,Peter Waher,General Software & AI,20
"Webbots, Spiders, and Screen Scrapers: A Guide to Developing Internet Agents with PHP/CURL",Michael Schrenk,General Software & AI,20
Programming the Internet of Things,Andrew King,General Software & AI,20
IOT (Internet of Things) Programming: A Simple and Fast Way of Learning IOT,David Etter,General Software & AI,20
Programming Collective Intelligence: Building Smart Web 2.0 Applications,Toby Segaran,General Software & AI,20
Internetworking with TCP IP. Client Server Programming And Applications For The Windows Tm Sockets Version,Unknown Author,General Software & AI,20
Python Programming for Arduino: Develop practical Internet of Things prototypes and applications with Arduino and Python,Pratik Desai,General Software & AI,20
Programming the Semantic Web,Toby Segaran,General Software & AI,20
Internet of Things with the Arduino Yun: Projects to help you build a world of smarter things,Marco Schwartz,General Software & AI,20
"The Internet of Things  Do-It-Yourself at Home Projects for Arduino, Raspberry Pi and BeagleBone Black",Donald Norris,General Software & AI,20
AdSense Empire! - Create A Massive Auto-Pilot Income With The Google AdSense Program Starting Now!,CompTel Services,General Software & AI,20
Python for Programmers: with Introductory AI Case Studies,Paul Deitel,General Software & AI,20
Python Artificial Intelligence Projects for Beginners - Get up and running with 8 smart and exciting AI applications,Joshua Eckroth,General Software & AI,20
"AI Superpowers: China, Silicon Valley, and the New World Order",Kai-Fu Lee,General Software & AI,20
"Grammaire progressive du français, niveau intermédiaire [exercises only]",Maia Grégoire,General Software & AI,20
"On AI, Analytics, and the New Machine Age",Harvard Business Review,General Software & AI,20
Possible Minds: 25 Ways of Looking at AI,John Brockman,General Software & AI,20
Competing in the Age of AI: Strategy and Leadership When Algorithms and Networks Run the World,Karim R. Lakhani,General Software & AI,20
Genetic Algorithms and Machine Learning for Programmers: Create AI Models and Evolve Solutions,Frances Buontempo,General Software & AI,20
"AI in Marketing, Sales and Service: How Marketers without a Data Science Degree can use AI, Big Data and Bots",Peter Gentsch,General Software & AI,20
"An Introduction to Data: Everything You Need to Know About AI, Big Data and Data Science",Francesco Corea,General Software & AI,20
Intelligent Projects Using Python: 9 real-world AI projects leveraging machine learning and deep learning with TensorFlow and Keras,Santanu Pattanayak,General Software & AI,20
Larousse - Difficultés du français : Les indispensables,Rene Lagane,General Software & AI,20
Human + Machine: Reimagining Work in the Age of AI,Paul R. Daugherty,General Software & AI,20
My Journey into AI: The Story Behind the Man Who Helped Launch 5 A.I. Companies Worth $25 Billion,Kai-Fu Lee,General Software & AI,20
The AI Advantage: How to Put the Artificial Intelligence Revolution to Work,Thomas H. Davenport,General Software & AI,20
"Reinforcement Learning : With Open AI, TensorFlow and Keras Using Python",Abhishek Nandy,General Software & AI,20
Game Changer: AlphaZero’s Groundbreaking Chess Strategies and the Promise of AI,Matthew Sadler,General Software & AI,20
Vocabulaire progressif du français : Niveau intermédiaire,Anne Lété,General Software & AI,20
"Intro to Python forComputer Science and Data Science : Learning to Program with AI, Big Data and the Cloud",Paul Deitel,General Software & AI,20
Google Flutter Mobile Development Quick Start Guide,Prajyot Mainkar Salvatore Giordano,General Software & AI,20
The Mobile Application Hacker’s Handbook,Dominic Chell,General Software & AI,20
"Practical Deep Learning for Cloud, Mobile, and Edge: Real-World AI & Computer-Vision Projects Using Python, Keras & TensorFlow",Anirudh Koul,General Software & AI,20
Learning React Native: Building Native Mobile Apps with JavaScript,Bonnie Eisenman,General Software & AI,20
"Practical Mobile Forensics: A hands-on guide to mastering mobile forensics for the iOS, Android, and the Windows Phone platforms",Rohit Tamma,General Software & AI,20
Android Programming for Beginners: Learn all the Java and Android skills you need to start making powerful mobile applications,Horton J.,General Software & AI,20
"Seeking the Truth from Mobile Evidence - Basic Fundamentals, Intermediate and Advanced Overview of Current Mobile Forensic Investigations",John Bair,General Software & AI,20
Gamification by Design: Implementing Game Mechanics in Web and Mobile Apps,Gabe Zichermann,General Software & AI,20
Xamarin.Forms Projects: Build multiplatform mobile apps and a game from scratch using C# and Visual Studio 2019,Daniel Hindrikes,General Software & AI,20
Xamarin in Action: Creating native cross-platform mobile apps,Jim Bennett,General Software & AI,20
Mobile Design Pattern Gallery: UI Patterns for Smartphone Apps,Theresa Neil,General Software & AI,20
Creating Apps in Kivy: Mobile with Python,Dusty Phillips,General Software & AI,20
Computational principles of mobile robotics,Gregory Dudek,General Software & AI,20
Digital Filters: Principles and Applications with MATLAB (IEEE Series on Digital & Mobile Communication),Fred Taylor,General Software & AI,20
Modelling the Wireless Propagation Channel: A simulation approach with Matlab (Wireless Communications and Mobile Computing),Fernando Perez Fontan,General Software & AI,20
"JavaScript JSON Cookbook: Over 80 recipes to make the most of JSON in your desktop, server, web, and mobile applications",Ray Rischpater,General Software & AI,20
Cloud and Fog Computing in 5G Mobile Networks: Emerging Advances and Applications,Evangelos Markakis,General Software & AI,20
Mobile First,Luke Wroblewski,General Software & AI,20
"HTML, CSS, and JavaScript Mobile Development For Dummies",William Harrel,General Software & AI,20
"Woodworking Wisdom & Know-How  Everything You Need to Design, Build and Create",Josh Leventhal (compiler),General Software & AI,20
Compiler Design in C,Allen I. Holub,General Software & AI,20
The compiler design handbook: optimizations and machine code generation,Y.N. Srikant,General Software & AI,20
Introduction to Compiler Design,Torben Ægidius Mogensen (auth.),General Software & AI,20
Advanced Compiler Design and Implementation,Steven S. Muchnick,General Software & AI,20
"1,000 Music Graphics: A compilation of packaging, posters, and other sound solutions",Stoltz Design,General Software & AI,20
Design and implementation of compiler,Singh R.,General Software & AI,20
LLVM essentials : become familiar with the LLVM infrastructure and start using LLVM libraries to design a compiler,Pandey,General Software & AI,20
Modern compiler design,Dick Grune,General Software & AI,20
Compiler Design: Analysis and Transformation,Helmut Seidl,General Software & AI,20
A Retargetable C Compiler Design and Implementation,Christopher W. Fraser  David R. Hanson,General Software & AI,20
"Compiler Design, Fourth Edition",Kakde,General Software & AI,20
"Advanced ASIC chip synthesis: using Synopsys Design Compiler, Physical Compiler, and PrimeTime",Himanshu Bhatnagar,General Software & AI,20
Basics of Compiler Design: Anniversary edition,Singh V.,General Software & AI,20
Compiler Design,Renhard Wilhelm,General Software & AI,20
Principles of Compiler Design : Express Learning,ITL Education Solutions Limited,General Software & AI,20
A Pictorial Record of the Qing Dynasty - Qing Dynasty Architecture,Compiled by Peking University Library,General Software & AI,20
The Design and Construction of Compilers,Robin Hunter,General Software & AI,20
Project Oberon: The Design of an Operating System and Compiler (Acm Press Books),Niklaus Wirth,General Software & AI,20
"Distributed Computing: Principles, Algorithms, and Systems",Ajay D. Kshemkalyani,General Software & AI,20
Database Internals: A deep-dive into how distributed data systems work,Alex Petrov,General Software & AI,20
"Designing Distributed Systems: Patterns and Paradigms for Scalable, Reliable Services",Brendan Burns,General Software & AI,20
Database Internals: A Deep-Dive into How Distributed Data Systems Work,Alex Petrov,General Software & AI,20
Distributed Systems,Maarten van Steen,General Software & AI,20
Distributed Systems: Principles and Paradigms,Andrew S. Tanenbaum,General Software & AI,20
Python Parallel Programming Cookbook: Over 70 recipes to solve challenges in multithreading and distributed system with Python 3,Giancarlo Zaccone,General Software & AI,20
Security engineering: a guide to building dependable distributed systems,Ross J. Anderson,General Software & AI,20
Distributed Systems: An Algorithmic Approach,Ghosh,General Software & AI,20
Control and Automation of Electrical Power Distribution Systems,James Northcote-Green,General Software & AI,20
Guid to Electrical Power Distribution Systems,Anthony J. Pansini,General Software & AI,20
"Principles of Distributed Database Systems, Third Edition",M. Tamer Özsu,General Software & AI,20
Programming distributed computing systems: a foundational approach,Varela C.A.,General Software & AI,20
Electrical Generation and Distribution Systems and Power Quality Disturbances,Gregorio Romero Rey,General Software & AI,20
"Integration of distributed energy resources in power systems : implementation, operation and control",Funabashi,General Software & AI,20
Electric Distribution Systems,Abdelhay A. Sallam,General Software & AI,20
"Cloud Native Development Patterns and Best Practices: Practical architectural patterns for building modern, distributed cloud-native systems",John Gilbert,General Software & AI,20
Switching in Electrical Transmission and Distribution Systems,René Smeets,General Software & AI,20
Distributed Systems with Node.js,Thomas Hunter Ii,General Software & AI,20
Cryptography and Network Security: Principles and Practice (6th Edition),William Stallings,General Software & AI,20
"Cryptography and Network Security, 4th Edition",William Stallings,General Software & AI,20
"Cryptography and Network Security: Principles and Practice, Global Edition",William Stallings,General Software & AI,20
"Computation, Cryptography, and Network Security",Nicholas J. Daras,General Software & AI,20
Cryptography and network security,Atul Kahate,General Software & AI,20
Cryptography and Network Security,William Stallings,General Software & AI,20
Cryptography and Network Security Principles and Practices,William Stallings,General Software & AI,20
Network Security and Cryptography: A Self-teaching Introduction,Ph.D. Musa,General Software & AI,20
solution manual cryptography and network security,William Stallings,General Software & AI,20
Introduction to Cryptography and Network Security,Behrouz A. Forouzan,General Software & AI,20
Applied Cryptography and Network Security,Bart Preneel,General Software & AI,20
Algorithmic Cryptanalysis (Chapman & Hall Crc Cryptography and Network Security),Antoine Joux,General Software & AI,20
Network Security and Cryptography,Sarhan M. Musa [Musa,General Software & AI,20
Wireless Security and Cryptography: Specifications and Implementations,Nicolas Sklavos,General Software & AI,20
"Applied Cryptography and Network Security: 17th International Conference, ACNS 2019, Bogota, Colombia, June 5–7, 2019, Proceedings",Robert H. Deng,General Software & AI,20
Security for Wireless Sensor Networks using Identity-Based Cryptography,Patil,General Software & AI,20
Cloud Native DevOps with Kubernetes,John Arundel,General Software & AI,20
Kubernetes Patterns: Reusable Elements for Designing Cloud-Native Applications,Bilgin Ibryam,General Software & AI,20
"Practical Quantum Computing for Developers: Programming Quantum Rigs in the Cloud using Python, Quantum Assembly Language and IBM QExperience",Vladimir Silva,General Software & AI,20
Programming Kubernetes: Developing Cloud-Native Applications,Michael Hausenblas,General Software & AI,20
Google Cloud Platform in Action,JJ Geewax,General Software & AI,20
Official Google Cloud Certified Associate Cloud Engineer Study Guide,Dan Sullivan,General Software & AI,20
Aws Certified Cloud Practitioner Study Guide: Clf-C01 Exam,Ben Piper,General Software & AI,20
Official Google Cloud Certified Professional Cloud Architect Study Guide,Dan Sullivan,General Software & AI,20
"Big Data, Cloud Computing, Data Science & Engineering",Roger Lee,General Software & AI,20
Cloud Computing: Theory and Practice,Dan C. Marinescu,General Software & AI,20
Practical Cloud Security: A Guide for Secure Design and Deployment,Chris Dotson,General Software & AI,20
"Top 1000 Java Interview Questions: Includes Spring, Hibernate, Microservices, GIT, Maven, JSP, AWS, Cloud Computing",Knowledge Powerhouse,General Software & AI,20
Cloud Native Patterns: Designing change-tolerant software,Cornelia Davis,General Software & AI,20
Securing Devops: Safe Services in the Cloud,Julien Vehent,General Software & AI,20
Pragmatic AI: An Introduction to Cloud-Based Machine Learning,Noah Gift,General Software & AI,20
Mastering AWS Security: Create and maintain a secure cloud ecosystem,Albert Anthony,General Software & AI,20
Data Science on the Google Cloud Platform,Valliappa Lakshmanan,General Software & AI,20
"Analysis and Design of Analog Integrated Circuits, 5th edition",Paul R. Gray,General Software & AI,20
Introductory Circuit Analysis,Robert L. Boylestad,General Software & AI,20
Schaum's Outline of Theory and Problems of Basic Circuit Analysis,John O'Malley,General Software & AI,20
Microelectronics Circuit Analysis and Design,Donald A. Neamen,General Software & AI,20
Digital Circuit Analysis and Design with SIMULINK Modeling: And Introduction to CPLDs and FPGAs,Karris S. T.,General Software & AI,20
Circuit Analysis Demystified,David McMahon,General Software & AI,20
Engineering circuit analysis,William Hart Hayt,General Software & AI,20
Circuit Analysis for Complete Idiots (Electrical Engineering for Complete Idiots),David Smith,General Software & AI,20
CMOS Digital Integrated Circuits Analysis & Design,Sung-Mo (Steve) Kang,General Software & AI,20
Engineering Circuit Analysis Solution Manual From chap 1 to Chap 12,William Hart Hayt,General Software & AI,20
Circuit Analysis II with MATLAB Computing and Simulink   SimPowerSystems Modeling,Steven Karris,General Software & AI,20
Circuit Analysis with PSpice. A Simplified Approach,Nassir H. Sabah,General Software & AI,20
Microelectronic Circuits: Analysis & Design 2nd Edition,Muhammad H. Rashid,General Software & AI,20
Fundamentals of Electrical Circuit Analysis,Md. Abdus Salam,General Software & AI,20
The Switching Function: analysis of power electronic circuits,Christos Marouchos,General Software & AI,20
Circuit Analysis I with MATLAB Computing and Simulink SimPowerSystems Modeling,Karris,General Software & AI,20
Analysis and Design of Analog Integrated Circuits,P.R. Gray,General Software & AI,20
Digital Integrated Circuits - Analysis and Design,John E. Ayers,General Software & AI,20
Fundamentals of Electronics: Book 1: Electronic Devices and Circuit Applications,Thomas F. Schubert Jr.,General Software & AI,20
Electronic Devices and Circuit Theory (11th Edition),Robert L. Boylestad,General Software & AI,20
"Power electronics : devices, circuits, and applications",Muhammad H. Rashid,General Software & AI,20
Electronic devices and circuit theory,Boylestad,General Software & AI,20
Robot mechanisms and mechanical devices illustrated,Paul Sandin,General Software & AI,20
Solid State Electronic Devices: Global Edition,Ben G. Streetman,General Software & AI,20
"Power electronics : devices, circuits and industrial applications",Moorthi,General Software & AI,20
"Electronics Fundamentals. Circuits, Devices, and Applications",David M. Buchla,General Software & AI,20
"Schaum's Outline of Electronic Devices and Circuits, Second Edition",Jimmie J. Cathey,General Software & AI,20
Instructors Solution Manual Electronic Devices and Circuit Theory,Robert L. Boylestad,General Software & AI,20
Principles of Electronic Materials and Devices,Safa O. Kasap,General Software & AI,20
Electronic Devices: Conventional Current Version,Thomas L. Floyd,General Software & AI,20
"Power electronics handbook: Devices, circuits and applications",Muhammad H. Rashid,General Software & AI,20
Device Modeling for Analog and RF CMOS Circuit Design,Trond Ytterdal,General Software & AI,20
Semiconductor Material and Device Characterization,Dieter K. Schroder,General Software & AI,20
Linear circuit design handbook,Analog Devices Inc.  Engineeri,General Software & AI,20
"Digital Electronics. Principles, Devices and Applications [messy]",Anil K. Maini,General Software & AI,20
"Radio Frequency and Microwave Power Amplifiers, Volume 1: Principles, Device Modeling and Matching Networks",Andrei Grebennikov,General Software & AI,20
A Textbook of Electrical Technology Volume IV - Electronic Devices and Circuits,B.L. Theraja,General Software & AI,20
Electronic Devices. Conventional Current Version,Thomas L. Floyd,General Software & AI,20
Linear Algebra and Partial Differential Equations,T Veerarajan,General Software & AI,20
Electric Circuits,James W. Nilsson,General Software & AI,20
Principles of Transistor Circuits,S W Amos,General Software & AI,20
"Circuit Engineering: The Beginner's Guide to Electronic Circuits, Semi-Conductors, Circuit Boards, and Basic Electronics",Solis T.,General Software & AI,20
Foundations of analog and digital electronic circuits,Anant Agarwal,General Software & AI,20
Design With Operational Amplifiers And Analog Integrated Circuits,Sergio Franco,General Software & AI,20
Analog Circuit Design Volume 2: Immersion in the Black Art of Analog Design,Bob Dobkin,General Software & AI,20
"Digital Electronics, Volume 1: Combinational Logic Circuits",Tertulien Ndjountche,General Software & AI,20
"Digital Electronics, Volume 2: Sequential and Arithmetic Logic Circuits",Tertulien Ndjountche,General Software & AI,20
Secrets of RF Circuit Design,Joseph Carr,General Software & AI,20
Schaum's Solved Problems Series: 3000 Solved Problems in Electric Circuits,Syed A. Nasar,General Software & AI,20
Transistor circuit techniques: discrete and integrated,Gordon J. Ritchie,General Software & AI,20
"Pulsewidth Modulated Dc-to-Dc Power Conversion: Circuits, Dynamics, and Control Designs",Byungcho Choi(auth.),General Software & AI,20
Electronic Circuits for the Evil Genius: 64 Lessons with Projects,Dave Cutcher,General Software & AI,20
Signals and System,Alan V. Oppenheim,General Software & AI,20
"Digital Systems: Principles and Applications, 12th Edition",Neal S. Widmer,General Software & AI,20
"Schaum's Outline of Signals and Systems, Second Edition",Hwei Hsu,General Software & AI,20
Signals and Systems,Alan V. Oppenheim,General Software & AI,20
Principles Of Linear Systems And Signals,B.P. Lathi,General Software & AI,20
Linear systems and signals,B. P Lathi,General Software & AI,20
"Solutions Manual for Signals and Systems, 2nd Edition",Simon Haykin,General Software & AI,20
Introduction to Random Signals and Applied Kalman Filtering with Matlab Exercises,Robert Grover Brown,General Software & AI,20
Signals and Systems Using MATLAB,Luis Chaparro (Auth.),General Software & AI,20
Signals and Systems Laboratory with MATLAB,Palamides,General Software & AI,20
A practical approach to signals and systems,D. Sundararajan,General Software & AI,20
"Signals, Systems, and Transforms, 4th Edition",Charles L. Phillips,General Software & AI,20
"Signals and Systems: Analysis Using Transform Methods & MATLAB, 2nd Edition",M.J. Roberts,General Software & AI,20
Signals and systems,Girod B.,General Software & AI,20
Signals and Systems For Dummies,Mark Wickert,General Software & AI,20
FPGA-based Implementation of Signal Processing Systems,Roger Woods,General Software & AI,20
"Digital Signal and Image Processing using MATLAB, Volume 1: Fundamentals",Gérard Blanchet,General Software & AI,20
"Encyclopedia of Electronic Components Volume 2: LEDs, LCDs, Audio, Thyristors, Digital Logic, and Amplification",Charles Platt,General Software & AI,20
"Digital Fundamentals, Global Edition",Thomas L. Floyd,General Software & AI,20
Digital Electronics Demystified,M. Predko,General Software & AI,20
"Digital Electronics, Volume 3: Finite-state Machines",Tertulien Ndjountche,General Software & AI,20
Integrated Electronics: Analog and Digital Circuits and Systems,Jacob Millman,General Software & AI,20
Principles of digital communication,Robert G. Gallager,General Software & AI,20
Digital Systems Design Using Verilog,Charles Roth,General Software & AI,20
"Digital Image Processing Using MATLAB (Images, Solution and Code)",Rafael C. Gonzalez,General Software & AI,20
Digital Design 4th ed Morris Mano Solutions manual,M. MORRIS MANO,General Software & AI,20
Digital and Statistical Signal Processing,Anastasia Veloni,General Software & AI,20
Digital Computer Electronics,Albert P. Malvino,General Software & AI,20
Digital VLSI Systems Design: A Design Manual for Implementation of Projects on FPGAs and ASICs Using Verilog,Seetharaman Ramachandran,General Software & AI,20
Digital Power Electronics and Applications,Fang Lin Luo,General Software & AI,20
"Digital Filters: Analysis, Design, and Signal Processing Applications",Andreas Antoniou,General Software & AI,20
"Mechatronics: Electronic Control Systems in Mechanical and Electrical Engineering, 6th Edition",William Bolton,General Software & AI,20
Control Systems Engineering,Norman S. Nise,General Software & AI,20
Design of Embedded Robust Control Systems Using MATLAB®/Simulink®,Petko Hristov Petkov,General Software & AI,20
"Mechanical Design Handbook: Measurement, Analysis and Control of Dynamic Systems (Handbooks)",Harold Rothbart,General Software & AI,20
"Data-Driven Science and Engineering: Machine Learning, Dynamical Systems, and Control",Steven L. Brunton,General Software & AI,20
"Linear Control System Analysis and Design with MATLAB , Sixth Edition (Automation and Control Engineering, Book 53)",Houpis C.H. and Sheldon S.N.,General Software & AI,20
"Control Systems Engineering, 6th Edition",Norman S. Nise,General Software & AI,20
Embedded Hardware,Jack Ganssle,General Software & AI,20
Control Systems engineering,I. J. NAGARATH M. GOPAL,General Software & AI,20
Flight Control Systems: Practical Issues in Design and Implementation,Roger W. Pratt,General Software & AI,20
"The Control Handbook: Control System Applications, Second Edition (Electrical Engineering Handbook)",William S. Levine,General Software & AI,20
Control System Engineering Solution Manual,Nise Norman S.,General Software & AI,20
Control System Engineering,Norman S. Nise,General Software & AI,20
"Automotive Control Systems [electronic resource]: For Engine, Driveline, and Vehicle",Uwe Kiencke,General Software & AI,20
"The Control Systems Handbook: Control System Advanced Methods, Second Edition (Electrical Engineering Handbook)",William S. Levine,General Software & AI,20
Robust and adaptive model predictive control of non-linear systems,Adetola,General Software & AI,20
Fundamentals of HVAC Control Systems: SI Edition Hardbound Book,American Society of Heating Refrigerating and Air-Conditioning Engineers,General Software & AI,20
Control Systems Engineering - Instructor Solutions Manual,Norman S. Nise,General Software & AI,20
"Probability, Random Variables and Stochastic Processes",Athanasios Papoulis,General Software & AI,20
One Thousand Exercises In Probability [Solution Manual of Probability and Random Processes],Geoffrey Grimmett,General Software & AI,20
"Schaum's Outline of Probability, Random Variables, and Random Processes, Second Edition",Hwei Hsu,General Software & AI,20
"Probability, random variables, and stochastic processes  [SOLUTIONS MANUAL - No CH 1]",Athanasios Papoulis,General Software & AI,20
"概率、随机变量与随机过程 [Probability, Random Variables and Stochastic Processes]",美）帕普里斯，（美）佩莱 著，保铮，冯大政 等译,General Software & AI,20
"Probability and Random Processes, Second Edition: With Applications to Signal Processing and Communications",Scott Miller,General Software & AI,20
Probability on Graphs: Random Processes on Graphs and Lattices,Geoffrey Grimmett,General Software & AI,20
"Probability, Statistics, and Random Processes For Electrical Engineering",Alberto Leon-Garcia,General Software & AI,20
Probability and statistics by example. Markov chains: a primer in random processes and their applications,Yuri Suhov,General Software & AI,20
"Introduction to Probability, Statistics, and Random Processes",Hossein Pishro-Nik,General Software & AI,20
"Probability, Random Processes, and Statistical Analysis: Applications to Communications, Signal Processing, Queueing Theory and Mathematical Finance",Hisashi Kobayashi,General Software & AI,20
"Probability, Statistics, and Random Processes for Engineers",Henry Stark,General Software & AI,20
"Schaum's outline of theory and problems of probability, random variables, and random processes",Hwei Hsu,General Software & AI,20
"Probability, Statistics, and Random Processes for Electrical Engineers - Instructor's Solution Manual",A. Leon-Garcia,General Software & AI,20
"Schaum's Outline of Probability, Random Variables, and Random Processes, Fourth Edition",Hwei P. Hsu,General Software & AI,20
"Probability, Random Variables, and Random Processes: Theory and Signal Processing Applications",John J. Shynk,General Software & AI,20
"Probability, Statistics And Random Processes (3rd Edition)",T. Veerarajan,General Software & AI,20
"Games People Play: Game Theory in Life, Business, and Beyond",Scott P. Stevens,General Software & AI,20
"The Polyvagal Theory: Neurophysiological Foundations of Emotions, Attachment, Communication, and Self-regulation",Stephen W. Porges,General Software & AI,20
McQuail's Mass Communication Theory,Denis McQuail,General Software & AI,20
"Client-centered therapy, its current practice, implications, and theory",Carl Rogers,General Software & AI,20
"Communication Theory: Media, Technology and Society",David Holmes,General Software & AI,20
The Theory of Communicative Action: Reason and the rationalization of society volume 1,Jürgen Habermas,General Software & AI,20
THE MATHEMATICAL THEORY OF COMMUNICATION,CLAUDE E. SHANNON,General Software & AI,20
Encyclopedia of Communication Theory,Dr. Stephen Littlejohn,General Software & AI,20
A First Look at Communication Theory,Em Griffin,General Software & AI,20
Corporate Communication - A Guide to Theory & Practice,Joep Cornelissen,General Software & AI,20
Theories of Human Communication,Stephen W. Littlejohn,General Software & AI,20
"Mass Communication Theory: Foundations, Ferment, and Future",Stanley J. Baran,General Software & AI,20
"Network Modeling, Simulation And Analysis In MATLAB: Theory And Practices",Dac-Nhuong Le,General Software & AI,20
Cross-Cultural Communication: Theory and Practice,Brian J. Hurn,General Software & AI,20
"Game Theory, the Internet of Things and 5G Networks",Josephina Antoniou,General Software & AI,20
"Lifeworld and System: A Critique of Functionalist Reason (The Theory of Communicative Action, Vol. 2)",Jurgen Habermas,General Software & AI,20
"Introduction to Community Development - Theory, Practice, and Service-Learning",Jerry W. Robinson,General Software & AI,20
Adaptive Filter Theory,Simon Haykin,General Software & AI,20
Effective group discussion : theory and practice,Adams,General Software & AI,20
Electromagnetic Field Theory Fundamentals,Bhag Singh Guru,General Software & AI,20
Field and Wave Electromagnetics,David K. Cheng,General Software & AI,20
Atoms in Electromagnetic Fields,Claude Cohen-Tannoudji,General Software & AI,20
Electromagnetics and calculation of fields,Nathan Ida,General Software & AI,20
"Faraday, Maxwell, and the Electromagnetic Field: How Two Men Revolutionized Physics",Nancy Forbes,General Software & AI,20
Electromagnetic Fields and Waves: Including Electric Circuits,Paul Lorrain,General Software & AI,20
Electromagnetic field theory for engineers and physicists,Günther Lehner (auth.),General Software & AI,20
Electromagnetic Fields in Biology and Medicine,Marko S. Markov,General Software & AI,20
Microwave Circuit Modeling Using Electromagnetic Field Simulation,Daniel G. Swanson Jr.,General Software & AI,20
Solution manual Field and Wave Electromagnetics,David K. Cheng,General Software & AI,20
Classical Field Theory: Electromagnetism and Gravitation,Francis E. Low,General Software & AI,20
Electromagnetic field theory fundamentals,Bhag Singh Guru,General Software & AI,20
Time-Harmonic Electromagnetic Fields (IEEE Press Series on Electromagnetic Wave Theory),Roger F. Harrington,General Software & AI,20
The Therapeutic Properties of Electromagnetic Waves: From Pulsed Fields to Rifing,Marcello Allegretti,General Software & AI,20
A Dynamical Theory of the Electromagnetic Field,James C. Maxwell Thomas F. Torrance James Clerk Maxwell,General Software & AI,20
"Field Theory Concepts: Electromagnetic Fields Maxwell’s Equations grad, curl, div. etc. Finite-Element Method Finite-Difference Method Charge Simulation Method Monte Carlo Method",Prof. Dr.-Ing. Adolf J. Schwab (auth.),General Software & AI,20
Electromagnetic Field Theory: A Problem Solving Approach,Markus Zahn,General Software & AI,20
Electromagnetic Field Interaction with Transmission Lines : From Classical Theory to HF Radiation Effects (Advances in Electrical Engineering and Electromagnetics),F. Rachidi,General Software & AI,20
"Electromagnetic Field Theory: A Problem Solving Approach, Solutions Manual",Markus Zahn,General Software & AI,20
Operational Amplifiers and Linear Integrated Circuits,Robert F. Coughlin,General Software & AI,20
linear integrated circuit applications,Roy Choudhary,General Software & AI,20
linear integrated circuits,droy choudhary,General Software & AI,20
Op-amps and linear integrated circuit technology,Ramakant A. Gayakwad,General Software & AI,20
Operational Amplifiers and Linear Integrated Circuits: Theory and Applications,James M. Fiore,General Software & AI,20
Operational amplifiers and linear integrated circuits,Lal,General Software & AI,20
Linear Integrated Circuits,B. Visvesvara Rao,General Software & AI,20
Linear Integrated Circuits : For Anna University,Lal Kishore,General Software & AI,20
Linear Integrated Circuit Applications,G. B. Clayton (auth.),General Software & AI,20
Linear integrated circuits,RCA Corporation. Solid State Division,General Software & AI,20
"Операционные усилители и линейные интегральные схемы. (Operational amplifiers and linear integrated circuits, 1977)",Р.Кофлин,General Software & AI,20
Circuite integrate lineare. Manual de utilizare. Vol. IV,M. Bodea,General Software & AI,20
The Science of Effective Communication,Ian Tuhovsky,General Software & AI,20
Modern Digital and Analog Communication Systems,B. P. Lathi,General Software & AI,20
SIMULATION OF DIGITAL COMMUNICATION SYSTEMS USING MATLAB,Mathuranathan  Viswanathan,General Software & AI,20
Digital Communication Systems,Simon S. Haykin,General Software & AI,20
"Digital Communications, 5th Edition",John G. Proakis,General Software & AI,20
Digital Communication. Fundamentals and Application,Sklar Bernard.,General Software & AI,20
Principles of Digital Communication: A Top-Down Approach,Bixio Rimoldi,General Software & AI,20
Introduction to Digital Signal Processing using MatLab with Application to Digital Communications,K.S. Thyagarajan,General Software & AI,20
Modeling of Digital Communication Systems Using SIMULINK,Arthur A. Giordano,General Software & AI,20
A Foundation in Digital Communication,Amos Lapidoth,General Software & AI,20
Media & Culture  2016 Update: Mass Communication in a Digital Age,Richard Campbell,General Software & AI,20
Digital Life on Instagram: New Social Communication of Photography,Elisa Serafinelli,General Software & AI,20
"Messages: The communication skills book: Improve your relationships & personal effectiveness by mastering: body language, couples communication, assertiveness, digital communication, public speaking, self-disclosure, active listening, influencing others",Matthew McKay,General Software & AI,20
Solutions Manual for Modern Digital and Analog Communication Systems,B.P. Lathi,General Software & AI,20
Digital Communication Systems Engineering with Software-Defined Radio,Di Pu,General Software & AI,20
An Introduction to Analog and Digital Communications,Simon S. Haykin,General Software & AI,20
The Key Logger: A Forbidden Glimpse into the True Nature of Women,Nicholas Jack,General Software & AI,20
"Introduction to Strategic Public Relations: Digital, Global, and Socially Responsible Communication",Janis Teruggi Page,General Software & AI,20
Introduction to Digital Communication Systems,Krzysztof Wesolowski,General Software & AI,20
Discrete-Time Signal Processing (3rd Edition),Alan V. Oppenheim,General Software & AI,20
"Discrete-Time Signal Processing, Solution manual",Alan V. Oppenheim,General Software & AI,20
Discrete Time Speech Signal Processing,Thomas F. Quatieri,General Software & AI,20
Oppenheim's Discrete Time Signal Processing text,Unknown Author,General Software & AI,20
Discrete-time signal processing,Buck,General Software & AI,20
Discrete-Time Processing of Speech Signals (IEEE Press Classic Reissue),John R. Deller Jr.,General Software & AI,20
Discrete-time Signal Processing: An Algebraic Approach,Darrell Williamson PhD (auth.),General Software & AI,20
Joint Source-Channel Coding of Discrete-Time Signals with Continuous Amplitudes (Communications and Signal Processing),Norbert Goertz,General Software & AI,20
Discrete-Time Signal Processing Solutions,Alan V. Oppenheim,General Software & AI,20
Signals And Systems - Discrete Time Signal Processing,Allan V Oppenheim,General Software & AI,20
Discrete Time Signal Processing,Unknown Author,General Software & AI,20
Data and Computer Communications,William Stallings,General Software & AI,20
Wireless Communication Networks and Systems,Cory Beard,General Software & AI,20
Data Communications and Network,Forouzan,General Software & AI,20
"Building Wireless Sensor Networks: with ZigBee, XBee, Arduino, and Processing",Robert Faludi,General Software & AI,20
Industrial Sensors and Controls in Communication Networks: From Wired Technologies to Cloud Computing and the Internet of Things,Dong-Seong Kim,General Software & AI,20
Data Communications and Networking,Behrouz A. Forouzan,General Software & AI,20
5G-Enabled Vehicular Communications and Networking,Xiang Cheng,General Software & AI,20
Wireless Communications,Andrea Goldsmith,General Software & AI,20
"NETWORKING HACKING: Complete guide tools for computer wireless network technology, connections and communications system. Practical penetration of a network via services and hardware.",Karnel,General Software & AI,20
Communities and Networks: Using Social Network Analysis to Rethink Urban and Community Studies,Unknown Author,General Software & AI,20
Wireless Communications and Networking for Unmanned Aerial Vehicles,Walid Saad,General Software & AI,20
UNIX Network Programming: Interprocess Communications,W. Richard Stevens,General Software & AI,20
Business Communication: Developing Leaders for a Networked World,Peter W. Cardon,General Software & AI,20
Handbook of Fiber Optic Data Communication. A Practical Guide to Optical Networking,Casimer DeCusatis (Eds.),General Software & AI,20
"A Networked Self: Identity, Community, and Culture on Social Network Sites",Zizi Papacharissi,General Software & AI,20
MIMO Antenna Technology for Wireless Communications,George Tsoulos,General Software & AI,20
Data Communications and Networking Solution Manual,Behrouz Forouzan,General Software & AI,20
CMOS VLSI Design: A Circuits and Systems Perspective (4th Edition),Neil H. E. Weste,General Software & AI,20
"CMOS: Circuit Design, Layout, and Simulation",R. Jacob Baker,General Software & AI,20
Digital Integrated Circuit Design: From VLSI Architectures to CMOS Fabrication,Hubert Kaeslin,General Software & AI,20
Digital Design Using VHDL: A Systems Approach,William J Dally,General Software & AI,20
Basics of CMOS Cell Design,Etienne Sicard,General Software & AI,20
Top-Down Digital VLSI Design: From Architectures to Gate-Level Circuits and FPGAs,Hubert Kaeslin,General Software & AI,20
CMOS Analog Design Using All-Region MOSFET Modeling,Márcio Cherem Schneider,General Software & AI,20
Basic VLSI Design,Douglas A. Pucknell,General Software & AI,20
VLSI Chip Design with the Hardware Description Language VERILOG: An Introduction Based on a Large RISC Processor Design,Prof. Dr. Ulrich Golze (auth.),General Software & AI,20
"CMOS Circuit Design, Layout, and Simulation,",R. Jacob  Baker,General Software & AI,20
Advanced CMOS Cell Design,Etienne Sicard,General Software & AI,20
Machine Learning in VLSI Computer-Aided Design,Ibrahim (Abe) M. Elfadel,General Software & AI,20
"RF CMOS Power Amplifiers: Theory, Design and Implementation",Hella M.M.,General Software & AI,20
Low Power VLSI Design: Fundamentals,Angsuman Sarkar,General Software & AI,20
CMOS Mixed-Signal Circuit Design,R. Jacob Baker,General Software & AI,20
Digital VLSI Chip Design with Cadence and Synopsys CAD Tools,Erik Brunvand,General Software & AI,20
Design Methodology for RF CMOS Phase Locked Loops,Carlos Quemada,General Software & AI,20
Fundamentals of Wireless Communication,David Tse,General Software & AI,20
5G Mobile and Wireless Communications Technology,Afif Osseiran,General Software & AI,20
Machine Learning for Future Wireless Communications,Fa-Long Luo,General Software & AI,20
New Directions in Wireless Communications Systems: From Mobile to 5G,Athanasios G. Kanatas,General Software & AI,20
RF and Microwave Engineering: Fundamentals of Wireless Communications,Frank Gustrau,General Software & AI,20
MIMO-OFDM Wireless Communications with MATLAB,Yong Soo Cho,General Software & AI,20
Wireless Communications: Principles and Practice,Theodore S. Rappaport,General Software & AI,20
Optical Wireless Communications: System and Channel Modelling with MATLAB®,Z. Ghassemlooy,General Software & AI,20
Wireless Communications Systems: An Introduction,Randy L. Haupt,General Software & AI,20
OFDM for Wireless Communications Systems,Ramjee Prasad,General Software & AI,20
Introduction to Wireless Digital Communication: A Signal Processing Perspective,Robert W. Heath Jr.,General Software & AI,20
Antennas for Base Stations in Wireless Communications,Zhi Ning Chen,General Software & AI,20
"The ARRL Antenna Book: The Ultimate Reference for Amateur Radio Antennas, Transmission Lines And Propagation (Arrl Antenna Book)",American Radio Relay League,General Software & AI,20
"Microwave and RF Design, Volume 2: Transmission Lines",Michael Steer,General Software & AI,20
Transmission Line Design Handbook,Brian C. Wadell,General Software & AI,20
Design of electrical transmission lines: structures and foundations. Volume I,Kalaga,General Software & AI,20
Electromagnetic Metamaterials: Transmission Line Theory and Microwave Applications,Christophe Caloz,General Software & AI,20
Electromagnetic Waves and Transmission Lines,U.A Bakshi,General Software & AI,20
"The Complete Nyingma Tradition from Sutra to Tantra, Book 13: Philosophical Systems and Lines of Transmission",Choying Tobden Dorje,General Software & AI,20
Transmission Lines (Schaum's Outline Series),Robert A. Chipman,General Software & AI,20
Transmission Lines in Digital and Analog Electronic Systems: Signal Integrity and Crosstalk,Clayton R. Paul(auth.),General Software & AI,20
Electromagnetic Field Theory & Transmission Lines,G.S.N. Raju,General Software & AI,20
THEORY OF WAVEGUIDES AND TRANSMISSION LINES,Edward F. Kuester,General Software & AI,20
Structural Engineering of Transmission Lines,Peter Catchpole,General Software & AI,20
"Transmission Lines and Wave Propagation, Fourth Edition",Philip C. Magnusson,General Software & AI,20
The principles of semiconductor laser diodes and amplifiers: analysis and transmission line laser modeling,H. Ghafouri-Shiraz,General Software & AI,20
"Fields, Waves and Transmission Lines",F. A. Benson,General Software & AI,20
Transmission Lines in Digital Systems for EMC Practitioners,Clayton R. Paul(auth.),General Software & AI,20
Guidelines for Electrical Transmission Line Structural Loading,C. Jerry Wong,General Software & AI,20
"Introduction to Wave Propagation, Transmission Lines, and Antennas",Naval Education & Training Professional Development & Technology Center,General Software & AI,20
Principles of Electrical Transmission Lines in Power and Communication,J. H. Gridley and P. Hammond (Auth.),General Software & AI,20
Antenna engineering handbook,John Volakis,General Software & AI,20
Antenna Engineering : Theory and Problems,Levin,General Software & AI,20
Microwave RF Antennas and Circuits.  Nonlinearity Applications in Engineering,Ofer Aluf,General Software & AI,20
Antennas and Radar for Environmental Scientists and Engineers,David Hysell,General Software & AI,20
"Surface Electromagnetics: With Applications in Antenna, Microwave, and Optical Engineering",Fan Yang,General Software & AI,20
Radar Techniques Using Array Antennas,Wulf-Dieter Wirth,General Software & AI,20
handbook of microstrip antennas,J. R. James,General Software & AI,20
"Antenna Engineering Handbook, Fourth Edition",Volakis,General Software & AI,20
"Electromagnetics, Microwave Circuit and Antenna Design for Communications Engineering",Russer P.,General Software & AI,20
Methods in electromagnetic wave propagation,D  S Jones,General Software & AI,20
Antennas and Propagation for 5G and Beyond,Muhammad Ali Imran,General Software & AI,20
Antennas and Radiowave Propagation (Mcgraw Hill Series in Electrical and Computer Engineering),Robert E. Collin,General Software & AI,20
Microwave Antenna Theory And Design,Samuel Silver,General Software & AI,20
Principles of Planar Near-Field Antenna Measurements,S. Gregson,General Software & AI,20
Fundamentals of antennas : concepts and applications,Christos G Christodoulou,General Software & AI,20
Theory and practice of modern antenna range measurements,Gregson,General Software & AI,20
Electromagnetic Band Gap Structures in Antenna Engineering,Fan Yang,General Software & AI,20
Characteristic Modes: Theory and Applications in Antenna Engineering,Yikai Chen,General Software & AI,20
Small Antenna Design (Communications Engineering Series),Douglas B. Miron,General Software & AI,20
VHF and UHF antennas,Burberry,General Software & AI,20
Fiber Optic Communications: Fundamentals and Applications,Shiva Kumar,General Software & AI,20
"How to understand, enjoy, and draw optical illusions: 37 illustrated projects",Robert Ausbourne,General Software & AI,20
"Optical Fiber Communication Systems with MATLAB® and Simulink® Models, Second Edition",Binh,General Software & AI,20
Advanced Digital Optical Communications,Le Nguyen Binh,General Software & AI,20
Optical Fiber Communications,Gerd Keiser,General Software & AI,20
"Fiber-Optic Communication Systems, 4th Edition (Wiley Series in Microwave and Optical Engineering)",Govind P. Agrawal,General Software & AI,20
Fiber Optic and Atmospheric Optical Communication,Nathan Blaunstein,General Software & AI,20
Optical Fiber Communications: Principles and Practice (3rd Edition),John Senior,General Software & AI,20
Fiber-Optic Communication Systems,Govind P. Agrawal,General Software & AI,20
Advanced Optical and Wireless Communications Systems,Ivan B. Djordjevic (auth.),General Software & AI,20
Design of Integrated Circuits for Optical Communications,Behzad Razavi,General Software & AI,20
Applied Aspects of Optical Communication and LIDAR,Nathan Blaunstein,General Software & AI,20
Free-Space Laser Communications: Principles and Advances (Optical and Fiber Communications Reports),Arun Majumdar,General Software & AI,20
Solution of optical and microwave problems using HFSS,Banks SE,General Software & AI,20
Introduction to Semiconductor Lasers for Optical Communications: An Applied Approach,David J. Klotzkin (auth.),General Software & AI,20
Photonics: optical electronics in modern communications,Amnon Yariv,General Software & AI,20
Real-time embedded components and systems : with Linux and RTOS,Pratt,General Software & AI,20
"Hands-On RTOS with Microcontrollers: Building real-time embedded systems using FreeRTOS, STM32 MCUs, and SEGGER debug tools",Brian Amos,General Software & AI,20
Real-Time Embedded Systems: Design Principles and Engineering Practices,Xiaocong Fan,General Software & AI,20
Handbook of Real-Time and Embedded Systems,Insup Lee,General Software & AI,20
"Embedded and Real Time System Development: A Software Engineering Perspective: Concepts, Methods and Principles",Diego Alonso,General Software & AI,20
"Open-Source Robotics and Process Control Cookbook: Designing and Building Robust, Dependable Real-time Systems",Lewin Edwards Lewin Edwards is an embedded engineer with over 15 years experience designing embedded systems hardware  firmware  and control software.,General Software & AI,20
Linux for Embedded and Real-Time Applications,Doug Abbott,General Software & AI,20
DSP Software Development Techniques for Embedded and Real-Time Systems,Robert Oshana,General Software & AI,20
Real-Time Concepts for Embedded Systems,Qing Li,General Software & AI,20
"Debugging Embedded and Real-Time Systems: The Art, Science, Technology, and Tools of Real-Time System Debugging",Arnold S. Berger,General Software & AI,20
"Real-time Embedded Systems: Optimization, Synthesis, and Networking",Meikang Qiu and Jiayin Li,General Software & AI,20
Modeling and Analysis of Real-Time and Embedded Systems with UML and MARTE. Developing Cyber-Physical Systems,Bran Selic and Sébastien Gérard (Auth.),General Software & AI,20
DSP for Embedded and Real-Time Systems,Oshana,General Software & AI,20
Linux for embedded and real-time applications,Doug Abbott,General Software & AI,20
Memory Controllers for Real-Time Embedded Systems: Predictable and Composable Real-Time Systems,Benny Akesson,General Software & AI,20
"Distributed, Embedded and Real-time Java Systems",Andy J. Wellings,General Software & AI,20
Numerical Methods Real-Time and Embedded Systems Programming,Don Morgan,General Software & AI,20
Wireless Sensor and Mobile Ad-Hoc Networks: Vehicular and Space Applications,Driss Benhaddou,General Software & AI,20
Security in Wireless Ad Hoc and Sensor Networks,Erdal Cayirci,General Software & AI,20
Wireless Ad Hoc and Sensor Networks: Theory and Applications,Xiang-Yang Li,General Software & AI,20
"Wireless Ad Hoc and Sensor Networks : Management, Performance, and Applications",He,General Software & AI,20
Topology Control in Wireless Ad Hoc and Sensor Networks,Dr Paolo Santi,General Software & AI,20
"Handbook on Theoretical and Algorithmic Aspects of Sensor, Ad Hoc Wireless, and Peer-to-Peer Networks",Jie Wu,General Software & AI,20
"Wireless ad hoc and sensor networks : protocols, performance, and control",Jagannathan Sarangapani,General Software & AI,20
Wireless Ad Hoc and Sensor Networks,Houda Labiod,General Software & AI,20
"Handbook on Theoretical and Algorithmic Aspects of Sensor, Ad Hoc Wireless, and Peer-to-Peer Networks (INTERNET AND COMMUNICATIONS SERIES)",Jie Wu,General Software & AI,20
Wireless Ad Hoc and Sensor Networks: A Cross-Layer Design Perspective (Signals and Communication Technology),Raja Jurdak,General Software & AI,20
Advances in Wireless Ad Hoc and Sensor Networks,Deying Li,General Software & AI,20
"Algorithms for Sensor Systems: 6th International Workshop on Algorithms for Sensor Systems, Wireless Ad Hoc Networks, and Autonomous Mobile Entities, ALGOSENSORS 2010, Bordeaux, France, July 5, 2010, Revised Selected Papers",Iyad A. Kanj,General Software & AI,20
"Algorithms for Sensor Systems: 8th International Symposium on Algorithms for Sensor Systems, Wireless Ad Hoc Networks and Autonomous Mobile Entities, ALGOSENSORS 2012, Ljubljana, Slovenia, September 13-14, 2012. Revised Selected Papers",Thomas Kesselheim (auth.),General Software & AI,20
"NETWORKING 2007. Ad Hoc and Sensor Networks, Wireless Networks, Next Generation Internet: 6th International IFIP-TC6 Networking Conference, Atlanta, GA, USA, May 14-18, 2007. Proceedings",Fei Xing,General Software & AI,20
Electrical Circuit Theory and Technology,John Bird,General Software & AI,20
Schaum's Outline of Theory and Problems of Electric Circuits,Mahmood Nahvi,General Software & AI,20
Theory and Design of Electrical and Electronic Circuits,Tait E.,General Software & AI,20
"Emc & the Printed Circuit Board: Design, Theory, & Layout Made Simple",Mark I. Montrose,General Software & AI,20
"Electrical Circuit Theory and Technology, Fourth Edition",John Bird BSc (Hons)  CEng  CMath  CSci  FIET  MIEE  FIIE  FIMA  FCollT,General Software & AI,20
RF Circuit Design: Theory and Applications,Reinhold Ludwig,General Software & AI,20
Instructors solution manual to electronic devices and circuit theory,Robert L.Boylestead,General Software & AI,20
Electrical circuit theory,K  C  A Smith,General Software & AI,20
Electronic Devices and Circuit Theory,Robert L. Boylestad,General Software & AI,20
ELECTRONIC DEVICES AND CIRCUIT THEORY Lecturer Presentations,ROBERT L. BOYLESTAD,General Software & AI,20
Analog And Digital Circuits For Electronic Control System Applications,Jerry Luecke,General Software & AI,20
Schaum's outline of theory and problems of Boolean algebra and switching circuits,Elliott Mendelson,General Software & AI,20
Circuit Theory and Networks Analysis and Synthesis,Ravish R. Singh,General Software & AI,20
Analog Circuit Theory and Filter Design in the Digital World: With an Introduction to the Morphological Method for Creative Solutions and Design,George S. Moschytz,General Software & AI,20
Digital Logic Circuit Analysis and Design,Victor P. Nelson,General Software & AI,20
An Introduction to Logic Circuit Testing (Synthesis Lectures on Digital Circuits and Systems),Parag K. Lala,General Software & AI,20
Practical Design of Digital Circuits. Basic Logic to Microprocessors,Ian Kampel (Auth.),General Software & AI,20
Quantum-Dot Cellular Automata Based Digital Logic Circuits: A Design Perspective,Trailokya Nath Sasamal,General Software & AI,20
Asynchronous Operators of Sequential Logic: Venjunction & Sequention: Digital Circuit Analysis and Design,Vadim Vasyukevich (auth.),General Software & AI,20
"Model and Design of Bipolar and MOS Current-Mode Logic: CML, ECL and SCL Digital Circuits",Massimo Alioto,General Software & AI,20
Pragmatic Logic (Synthesis Lectures on Digital Circuits and Systems),William J. Eccles,General Software & AI,20
Constraint Solving Over Multi-valued Logics: Application to Digital Circuits,Francisco Azevedo,General Software & AI,20
Digital electronics 2: sequential and arithmetic logic circuits,Ndjountche,General Software & AI,20
"Ones and zeros: understanding Boolean algebra, digital circuits, and the logic of sets",John Wiley,General Software & AI,20
Digital Electronics 1 Combinational Logic Circuits,Tertulien Ndjountche,General Software & AI,20
"Ones and Zeros: Understanding Boolean Algebra, Digital Circuits, and the Logic of Sets (IEEE Press Understanding Science & Technology Series)",John R. Gregg,General Software & AI,20
Constraint Solving over Multi-Valued Logics: Application to Digital Circuits,Francisco Azevedo,General Software & AI,20
Theory of electromagnetic wave propagation,Charles Herach Papas,General Software & AI,20
Electromagnetism - Theory and Applications,Ashutosh Pramanik,General Software & AI,20
"Principles of Optics: Electromagnetic Theory of Propagation, Interference and Diffraction of Light (7th Edition)",Max Born,General Software & AI,20
Light and Vacuum: The Wave Particle Nature of the Light and the Quantum Vacuum. Electromagnetic Theory and Quantum Electrodynamics Beyond the Standard Model,Constantin Meis,General Software & AI,20
Foundations of Electromagnetic Theory,John R. Reitz,General Software & AI,20
Electromagnetic Theory (IEEE Press Series on Electromagnetic Wave Theory),Julius Adams Stratton,General Software & AI,20
Classical Electromagnetic Theory,Jack Vanderlinde,General Software & AI,20
Shielding of Electromagnetic Waves: Theory and Practice,George M. Kunkel,General Software & AI,20
Electromagnetic Theory for Electromagnetic Compatibility Engineers,Tze-Chuen Toh,General Software & AI,20
Basic Electromagnetic Theory,James Babington,General Software & AI,20
Electronic Devices and Circuits,Kishore,General Software & AI,20
"Electronics Fundamentals: Circuits, Devices, and Applications-Instructor’s Resource Manual",Thomas L. Floyd,General Software & AI,20
"Contemporary Electronics: Fundamentals, Devices, Circuits, and Systems",Louis Frenzel,General Software & AI,20
PSpice for Circuit Theory and Electronic Devices (Synthesis Lectures on Digital Circuits and Systems),Paul Tobin,General Software & AI,20
The Electronics Companion: Devices and Circuits for Physicists and Engineers,Fischer-Cripps,General Software & AI,20
Automobile Mechanical and Electrical Systems: Automotive Technology: Vehicle Maintenance and Repair (Vehicle Maintenance & Repr Nv2),Tom Denton,General Software & AI,20
Getting Started with Soldering: A Hands-On Guide to Making Electrical and Mechanical Connections,Marc de Vinck,General Software & AI,20
Mechanical Design of Electric Motors,Wei Tong,General Software & AI,20
"Aircraft systems: mechanical, electrical, and avionics subsystems integration",Ian Moir,General Software & AI,20
Boatowner's Mechanical and Electrical Manual.  Repair and Improve Your Boat's Essential Systems,Nigel Calder,General Software & AI,20
Mechanical and Electrical Equipment for Buildings,Walter T. Grondzik,General Software & AI,20
Computer-aided Design of Electrical Machines,Vishnu Murthy,General Software & AI,20
Conditions of Contract for Plant and Design-build for Electrical and Mechanical Works and for Building and Engineering Works Designed by the Contractor,Federation Internationale des Ingenieurs Conseils ( FIDIC ),General Software & AI,20
Mechatronics Electronic Control Systems in Mechanical and Electrical Engineering 7th Edition,W. Bolton,General Software & AI,20
Automobile mechanical and electrical systems,Tom Denton,General Software & AI,20
Mechatronics. Electronic Control Systems in Mechanical and Electrical Engineering,William Bolton,General Software & AI,20
"Black & Decker Codes for Homeowners, Updated 3rd Edition: Electrical - Mechanical - Plumbing - Building - Current with 2015-2017 Codes",Bruce A. Barker,General Software & AI,20
The Physics of Oscillations and Waves: With Applications in Electricity and Mechanics,Ingram Bloch (auth.),General Software & AI,20
The Art of Walking Bass: A Method for Acoustic or Electric Bass (Musicians Institute Press),Bob Magnusson,General Software & AI,20
"Mechanical and electrical systems in architecture, engineering, and construction (5th Edition)",Joseph B. Wujek,General Software & AI,20
Dictionary Oxford English For Electrical And Mechanical Engineering,Unknown Author,General Software & AI,20
Mechatronics: Electronic control systems in mechanical and electrical engineering,W. Bolton,General Software & AI,20
Electric Power Transmission and Distribution,S. Sivanagaraju,General Software & AI,20
"Electric Power Generation, Transmission, and Distribution, Third Edition",Leonard L. Grigsby,General Software & AI,20
Transmission and Distribution Electrical Engineering,Colin Bayliss,General Software & AI,20
A Textbook of Electrical Technology Volume III -Transmission and Distribution,B.L.Theraja,General Software & AI,20
Water Transmission and Distribution: Principles and Practices of Water Supply Operations,Larry Mays,General Software & AI,20
Electrical Power Transmission and Distribution: Aging and Life Extension Techniques,Bella H. Chudnovsky,General Software & AI,20
"Power Transmission And Distribution, 2nd Edition",Anthony J. Pansini,General Software & AI,20
"Transmission, Distribution, and Renewable Energy Generation Power Equipment: Aging and Life Extension Techniques, Second Edition",Chudnovsky,General Software & AI,20
Electrical transmission and distribution reference book,ABB Electric Systems Technology Institute.,General Software & AI,20
Electrical Transmission and Distribution Reference Book,Electrical Systems Technology Institute,General Software & AI,20
Water transmission and distribution : student workbook,American Water Works Association,General Software & AI,20
Natural gas transmission and distribution business,Paliwal,General Software & AI,20
Facts Controllers In Power Transmission and Distribution,K. R. Padiyar,General Software & AI,20
"Electric Power Generation, Transmission, and Distribution",Leonard L. Grigsby,General Software & AI,20
"Rating of Electric Power Cables - Ampacity Computations for Transmission, Distribution, and Industrial Applications",George J. Anders,General Software & AI,20
"IEEE Std 1159-2019, IEEE Recommended Practice for Monitoring Electric Power Quality",Transmission and Distribution Committee of the IEEE Power and Energy Society,General Software & AI,20
"ASME Guide for Gas Transmission and Distribution Piping Systems, 1983",American Society of Mechanical Engineers,General Software & AI,20
Water Transmission and Distribution WSO Student Workbook: Water Supply Operations,Nancy McTigue,General Software & AI,20
Electrical and Electronics Measurements and Instrumentation,Prithwiraj Purkait,General Software & AI,20
Electronic Measurement and Instrumentation,R.S. Sedha,General Software & AI,20
"Measurements in Distance Education: A Compendium of Instruments, Scales, and Measures for Evaluating Online Learning",Amy J. Catalano,General Software & AI,20
Introduction to Instrumentation and Measurements,Northrop,General Software & AI,20
"Measurement and Control Basics, Fifth Edition",Hughes,General Software & AI,20
A course in Electrical and Electronic Measurements and Instrumentation,A.K.SAWHNEY,General Software & AI,20
Meteorological Measurements and Instrumentation,Giles Harrison,General Software & AI,20
Electronic Test Instruments: Analog and Digital Measurements,Witte R.A.,General Software & AI,20
Instrumentation and Measurement in Electrical Engineering,Roman Malaric,General Software & AI,20
"Instrument Engineers' Handbook, Volume 1, Fourth Edition:  Process Measurement and Analysis",Bela G. Liptak,General Software & AI,20
Electronic Instrumentation and Measurement Techniques,William David Cooper,General Software & AI,20
Measurement and Instrumentation. Theory and Application,Alan S. Morris,General Software & AI,20
A Course In Electronics & Electrical Measurements And Instrumentation,J.B. Gupta,General Software & AI,20
Electronic Instrumentation And Measurment,Rohit Khurana,General Software & AI,20
"Instrument and automation engineers' handbook. Volume I, Measurement and safety",Béla G. Lipták,General Software & AI,20
"The Condensed Handbook of Measurement and Control, 3rd Edition",N. E. Battikha,General Software & AI,20
Power System Analysis and Design,J. Duncan Glover,General Software & AI,20
Power System Analysis Power System Analysis,Nagsarkar,General Software & AI,20
Power Systems Analysis - 2nd Edition Solution Manual,Hadi Saadat,General Software & AI,20
Power System Analysis,John Grainger,General Software & AI,20
"Wind and solar power systems: design, analysis, and operation",Mukund R. Patel,General Software & AI,20
Power systems analysis illustrated with MATLAB and ETAP,Madhusudan,General Software & AI,20
Electrical power transmission system engineering : analysis and design,Gönen,General Software & AI,20
Line loss analysis and calculation of electric power systems,Ni,General Software & AI,20
"Power System Analysis and Design (SI Edition), Fifth Edition",J. Duncan Glover,General Software & AI,20
Electric Power Systems: Analysis and Control,Fabio Saccomanno,General Software & AI,20
Hydraulic Power System Analysis,Arthur Akers,General Software & AI,20
Solution manual of Power System Analysis,John J  Grainger William D  Stevenson Jr,General Software & AI,20
Analysis and Design of Low-Voltage Power Systems: An Engineer's Field Guide,Ismail Kasikci,General Software & AI,20
Power System Dynamics with Computer-Based Modeling and Analysis,Yoshihide Hase,General Software & AI,20
Modern Power Systems Analysis,Kothari D.P.,General Software & AI,20
Modern Power Systems Analysis (Power Electronics and Power Systems),Xi-Fan Wang,General Software & AI,20
Electrical Power Systems: Design and Analysis (IEEE Press Series on Power Engineering),Mohamed E. El-Hawary,General Software & AI,20
Power System Analysis and Design - Solution manual,J. Duncan Glover,General Software & AI,20
"Power electronics : converters, applications, and design",Ned Mohan,General Software & AI,20
Internet of Things Projects with ESP32: Build exiting and powerful IoT projects using the all-new Expresif ESP32,Agus Kurniawan,General Software & AI,20
Power Electronics Handbook,Muhammad H. Rashid,General Software & AI,20
"Transformers and Inductors for Power Electronics Theory, Design and Applications",Hurley W.G.,General Software & AI,20
"Modern Electric, Hybrid Electric, and Fuel Cell Vehicles: Fundamentals, Theory, and Design, Second Edition (Power Electronics and Applications Series)",Mehrdad Ehsani,General Software & AI,20
Principles of Electric Machines and Power Electronics,P. C. Sen,General Software & AI,20
"Electric powertrain : energy systems, power electronics & drives for hybrid, electric & fuel cell vehicles",Goodarzi,General Software & AI,20
"Power electronics basics : operating principles, design, formulas, and applications",Yuriy Rozanov,General Software & AI,20
Advanced Power Electronics Converters: PWM Converters Processing AC Voltages,Euzeli dos Santos,General Software & AI,20
"ROS Robotics Projects: Build And Control Robots Powered By The Robot Operating System, Machine Learning, And Virtual Reality",Ramkumar Gandhinathan,General Software & AI,20
SPICE for Power Electronics and Electric Power,Rashid,General Software & AI,20
Power Electronics And Motor Drives: Advances and Trends,Bimal K. Bose,General Software & AI,20
Perfect Phrases for Writing Company Announcements: Hundreds of Ready-to-Use Phrases for Powerful Internal and External Communications,Harriet Diamond,General Software & AI,20
"Advanced Electric Drive Vehicles (Energy, Power Electronics, and Machines)",Ali Emadi (Editor),General Software & AI,20
Laboratory Manual for Pulse-Width Modulated DC-DC Power Converters,M. K. Kazimierczuk,General Software & AI,20
Switching Power Supply Design,Abraham Pressman,General Software & AI,20
Build Your Own Low-Power Transmitters: Projects for the Electronics Experimenter,Rudolf F. Graf Professional Technical Writer,General Software & AI,20
Digital Signal and Image Processing Using MATLAB,Gérard Blanchet,General Software & AI,20
"Digital Signal Processing with Matlab Examples, Volume 1: Signals and Data, Filtering, Non-stationary Signals, Modulation",Jose Maria Giron-Sierra (auth.),General Software & AI,20
"Digital Signal Processing with Matlab Examples, Volume 2: Decomposition, Recovery, Data-Based Actions",Jose Maria Giron-Sierra (auth.),General Software & AI,20
Digital Signal Processing Using MATLAB for Students and Researchers,John W. Leis,General Software & AI,20
"Digital Signal Processing with Matlab Examples, Volume 3: Model-Based Actions and Sparse Representation",Jose Maria Giron-Sierra (auth.),General Software & AI,20
Digital Signal Processing (4th Edition),John G. Proakis,General Software & AI,20
Understanding Digital Signal Processing with MATLAB® and Solutions.,Poularikas,General Software & AI,20
Introduction to Digital Signal Processing and Filter Design,B. A. Shenoi,General Software & AI,20
Algorithm Collections for Digital Signal Processing Applications Using MATLAB,E.S. Gopi,General Software & AI,20
"Digital Signal Processing Using MATLAB, 3rd Edition",Vinay K. Ingle,General Software & AI,20
"Digital Signal Processing: Principles, Algorithms, and Applications, Fourth Edition - Instructor Solution Manual",John G. Proakis,General Software & AI,20
Schaum's Outline of Digital Signal Processing,Monson Hayes,General Software & AI,20
Digital signal processing using the ARM Cortex-M4,Donald Reay,General Software & AI,20
Digital Signal Processing: A Practical Guide for Engineers and Scientists,Steven Smith,General Software & AI,20
Think DSP: Digital Signal Processing in Python,Allen B. Downey,General Software & AI,20
Solid-State-Drives (SSDs) Modeling: Simulation Tools & Strategies,Rino Micheloni (eds.),General Software & AI,20
Protection and Switchgear,U.A.Bakshi,General Software & AI,20
"Switching, Protection and Distribution Handbook in Low-Voltage Networks Handbook: Handbook with Selection Criteria and Planning Guidelines for Switchgear, Switchboards, and Distribution Systems",Siemens,General Software & AI,20
"Power System Protection and Switchgear, 2/e",Badri Ram,General Software & AI,20
Power system protection and switchgear,Bhuvanesh A. Oza,General Software & AI,20
Switchgear and Protection,Sunil S Rao,General Software & AI,20
Designing Embedded Systems and the Internet of Things (IoT) with the ARM® Mbed™,Perry Xiao,General Software & AI,20
"Arduino-Based Embedded Systems: Interfacing, Simulation, and LabVIEW GUI",Rajesh Singh,General Software & AI,20
Embedded Systems: Real-Time Interfacing to ARM Cortex-M Microcontrollers,Jonathan Valvano,General Software & AI,20
Making Embedded Systems: Design Patterns for Great Software,Elecia White,General Software & AI,20
Linux Device Drivers Development: Develop customized drivers for embedded Linux,John Madieu,General Software & AI,20
"Programming Embedded Systems: With C and GNU Development Tools, 2nd Edition",Michael Barr,General Software & AI,20
Embedded Systems: A Contemporary Design Tool,James K. Peckol,General Software & AI,20
FPGA based embedded system developer's guide,Raj,General Software & AI,20
Embedded systems: introduction to ARM® Cortex(TM)-M microcontrollers,Valvano,General Software & AI,20
Real-Time Embedded Systems,Jiacun Wang,General Software & AI,20
Embedded Systems Architecture: A Comprehensive Guide for Engineers and Programmers,Tammy Noergaard,General Software & AI,20
Embedded Control Systems in C/C++,Jim Ledin,General Software & AI,20
AVR Microcontroller and Embedded Systems: Using Assembly and C (Pearson Custom Electronics Technology),Muhammad Ali Mazidi,General Software & AI,20
Design Patterns for Embedded Systems in C: An Embedded Software Engineering Toolkit,Bruce Powel Douglass,General Software & AI,20
"Fast and Effective Embedded Systems Design, Second Edition: Applying the ARM mbed",Rob Toulson,General Software & AI,20
High Voltage Engineering Fundamentals,John Kuffel,General Software & AI,20
High Voltage Engineering,M S Naidu,General Software & AI,20
High Voltage and Electrical Insulation Engineering,Ravindra Arora,General Software & AI,20
High voltage engineering,C.L. Wadhwa,General Software & AI,20
High Voltage Engineering and Testing,Hugh M. Ryan,General Software & AI,20
High Voltage Engineering in Power Systems,Denno,General Software & AI,20
Advances in High Voltage Engineering,Dr. A. Haddad,General Software & AI,20
Insulators for High Voltages,J.S.T. Looms,General Software & AI,20
High Voltage Direct Current Transmission,Jos Arrillaga,General Software & AI,20
Extra high voltage AC transmission engineering,Begamudre,General Software & AI,20
High Voltage Power Network Construction,Harker,General Software & AI,20
High-voltage engineering: theory and practice,Mazen Abdel-Salam,General Software & AI,20
High-Voltage Insulation Technology: Textbook for Electrical Engineers,Dieter Kind,General Software & AI,20
Extra High Voltage A.C. Transmission Engineering,R.D. Begamudre,General Software & AI,20
High voltage engineering: fundamentals,John Kuffel,General Software & AI,20
Statistical techniques for high-voltage engineering,Hauschild,General Software & AI,20
Power System Operation and Control,S. Sivanagaraju,General Software & AI,20
Hydropower Plants and Power Systems -- Dynamic Processes and Control for Stable and Efficient Operation,Yang,General Software & AI,20
Digital Instrumentation and Control Systems in Nuclear Power Plants: Safety and Reliability Issues,Committee on Application of Digital Instrumentation and Control Systems to Nuclear Power Plant Operations and Safety,General Software & AI,20
Operation and Control of Electric Energy Processing Systems (IEEE Press Series on Power Engineering),James Momoh,General Software & AI,20
Operation and Control in Power Systems,Murty,General Software & AI,20
Modern Power Systems Control and Operation,Atif S. Debs (auth.),General Software & AI,20
Handbook of Research on Smart Power System Operation and Control,Hassan Haes Alhelou,General Software & AI,20
Power system operation and control,Sivanagaraju,General Software & AI,20
Autonomous Systems and Intelligent Agents in Power System Control and Operation,Christian Rehtanz,General Software & AI,20
Renewable Energy in Power Systems,Leon Freris,General Software & AI,20
Understanding Renewable Energy Systems,Volker Quaschning,General Software & AI,20
Renewable energy devices and systems with simulations in MATLAB and ANSYS,Blaabjerg,General Software & AI,20
"Renewable Energy Systems from Biomass: Efficiency, Innovation, and Sustainability",Vladimir Strezov (Editor),General Software & AI,20
Design of smart power grid renewable energy systems,Keyhani,General Software & AI,20
Renewable Energy for Smart and Sustainable Cities: Artificial Intelligence in Renewable Energetic Systems,Mustapha Hatti,General Software & AI,20
Renewable power and energy: photovoltaic systems. Volume I,Gary D. Price,General Software & AI,20
Integration of Green and Renewable Energy in Electric Power Systems,Ali Keyhani,General Software & AI,20
Structural Control and Fault Detection of Wind Turbine Systems,Hamid Reza Karimi,General Software & AI,20
"Power Electronics for Renewable Energy Systems, Transportation and Industrial Applications",Haitham Abu-Rub,General Software & AI,20
"Combined Cooling, Heating, and Power Systems: Modeling, Optimization, and Operation",Yang Shi,General Software & AI,20
"Hybrid-renewable energy systems in microgrids : integration, developments and control",Fathima,General Software & AI,20
Essential Rainwater Harvesting: A Guide to Home-Scale System Design,Rob Avis,General Software & AI,20
Design of Smart Power Grid Renewable Energy Systems,Ali Keyhani,General Software & AI,20
"Renewable Power and Energy, Volume II: Wind and Thermal Systems",Gary D. Price,General Software & AI,20
Renewable and Efficient Electric Power System,Gilbert M. Masters,General Software & AI,20
Sustainable Energy and Environment: An Earth System Approach,Sandeep Narayan Kundu,General Software & AI,20
Handbook of Power Systems II,Rabih A. Jabr (auth.),General Software & AI,20
"Comprehensive Energy Systems, vol.5 - Energy Management",Canan Acar,General Software & AI,20
"Modeling, Identification and Control Methods in Renewable Energy Systems",Nabil Derbel,General Software & AI,20
Information Technology Essentials for Behavioral Health Clinicians,Naakesh A. Dewan,General Software & AI,20
Analog and Digital Communications (Schaum's Outlines),Hwei P. Hsu,General Software & AI,20
Electromagnetics for High-Speed Analog and Digital Communication Circuits,Ali M. Niknejad,General Software & AI,20
Modern Digital And Analog Communications Systems,B. P. Lathi,General Software & AI,20
Analog and Digital Communication Systems,martin s roden,General Software & AI,20
Communication systems (analog and digital),Sanjay Sharma,General Software & AI,20
Digital and Analog Communication Systems (Prentice Hall International Editions),Leon W. Couch,General Software & AI,20
analog and digital communication solution manual,simon haykin,General Software & AI,20
Digital and Analog Communication Systems,K. Sam Shanmugan,General Software & AI,20
Analog and Digital Communications,T. L. Singal,General Software & AI,20
"Phase-Locked Loops For Wireless Communications - Digital, Analog and Optical Implementations",Donald R. Stephens,General Software & AI,20
Analog and Digital Communications (Schaum’s Outlines),Hwei P. Hsu,General Software & AI,20
Modern Digital and Analog Commnunication Systems,B.P. Lathi,General Software & AI,20
digital and analog communication - student solutions manual international edition,leon couch,General Software & AI,20
Modern digital and analog communication systems,Ding,General Software & AI,20
modern Analog and digital communication,BP Lathi,General Software & AI,20
"Creating Smart Enterprises: Leveraging Cloud, Big Data, Web, Social Media, Mobile and IoT Technologies",Vivek Kale,General Software & AI,20
Web Design with HTML & CSS3 Comprehensive,Jessica Minnick,General Software & AI,20
"SSL VPN: Understanding, evaluating and planning secure, web-based remote access: A comprehensive overview of SSL VPN technologies and design strategies",Joseph Steinberg,General Software & AI,20
Web Design for Teens,Maneesh (Maneesh Sethi) Sethi,General Software & AI,20
Increasing Student Engagement and Retention in e-Learning Environments: Web 2.0 and Blended Learning Technologies,Charles Wankel,General Software & AI,20
"Modern Web Development: Understanding domains, technologies, and user experience",Dino Esposito,General Software & AI,20
"Video over IP: IPTV, Internet video, H.264, P2P, web TV, and streaming: a complete guide to understanding the technology",Wes Simpson,General Software & AI,20
Getting Started with WordPress: Design Your Own Blog or Website,Todd Kelsey,General Software & AI,20
"Mastering The Faster Web with PHP, MySQL, and JavaScript: Develop state-of-the-art web applications using the latest web technologies",Andrew Caya,General Software & AI,20
XML and Web Technologies for Data Sciences with R,Deborah Nolan,General Software & AI,20
Web Applications and Data Servers,Ec-Council,General Software & AI,20
Current Trends in Semantic Web Technologies: Theory and Practice,Giner Alor-Hernández,General Software & AI,20
JavaScript: The Web Warrior Series,Sasha Vodnik,General Software & AI,20
"Microsoft Visual Basic 2010 for Windows, Web, and Office Applications: Complete (Shelly Cashman)",Gary B. Shelly,General Software & AI,20
"Social Media, Crisis Communication and Emergency Management: Leveraging Web 2.0 Technologies",Connie White,General Software & AI,20
Node.js for Embedded Systems  Using Web Technologies to Build Connected Devices,Patrick Mulder,General Software & AI,20
"Web Technologies: Concepts, Methodologies, Tools, and Applications - 4 Volumes (Contemporary Research in Information Science and Technology)",Arthur Tatnall,General Software & AI,20
Foundations of Semantic Web technologies,Hitzler,General Software & AI,20
"Blockchain and Web 3.0: Social, Economic, and Technological Challenges (Routledge Studies in Science, Technology and Society)",Massimo Ragnedda (editor),General Software & AI,20
Usability for the Web: Designing Web Sites that Work (Interactive Technologies),Tom Brinck,General Software & AI,20
Introduction to Machine Learning with Python: A Guide for Data Scientists,Andreas C. Müller,General Software & AI,20
Machine Learning with Python Cookbook: Practical Solutions from Preprocessing to Deep Learning,Chris Albon,General Software & AI,20
Understanding Machine Learning: From Theory to Algorithms,Shalev-Shwartz S.,General Software & AI,20
Machine Learning For Dummies,John Paul Mueller,General Software & AI,20
The Hundred-Page Machine Learning Book,Andriy Burkov,General Software & AI,20
"Hands-On Machine Learning with Scikit-Learn, Keras, and Tensorflow: Concepts, Tools, and Techniques to Build Intelligent Systems",Aurélien Géron,General Software & AI,20
Foundations of Machine Learning,Mohri Mehryar,General Software & AI,20
"Machine Learning Applications Using Python - Cases Studies from Healthcare, Retail, and Finance",Puneet Mathur,General Software & AI,20
Deep Learning from Scratch: Building with Python from First Principles,Seth Weidman,General Software & AI,20
Artificial Intelligence: With an Introduction to Machine Learning,Richard E. Neapolitan,General Software & AI,20
"Python Data Analytics: With Pandas, NumPy, and Matplotlib",Fabio Nelli,General Software & AI,1
Introduction to Deep Learning,Eugene Charniak,General Software & AI,20
"Machine Learning: An Algorithmic Perspective, Second Edition",Stephen Marsland,General Software & AI,20
Grokking Deep Learning,Andrew W. Trask,General Software & AI,20
"Introducing Data Science: Big Data, Machine Learning, and more, using Python tools",Davy Cielen,General Software & AI,20
Machine Learning: The Art and Science of Algorithms that Make Sense of Data,Peter Flach,General Software & AI,20
Applied Text Analysis with Python: Enabling Language-Aware Data Products with Machine Learning,Benjamin Bengfort,General Software & AI,20
"Data Analytics: Practical Guide to Leveraging the Power of Algorithms, Data Science, Data Mining, Statistics, Big Data, and Predictive Analysis to Improve Business, Work, and Life",Arthur Zhang,General Software & AI,20
Big Data Analytics: A Hands-On Approach,Arshdeep Bahga,General Software & AI,20
Big Data in Practice: How 45 Successful Companies Used Big Data Analytics to Deliver Extraordinary Results,Bernard Marr,General Software & AI,20
Predictive marketing : easy ways every marketer can use customer analytics and big data,Artun,General Software & AI,20
"Data Science and Big Data Analytics: Discovering, Analyzing, Visualizing and Presenting Data",EMC Education Services,General Software & AI,20
"Data Strategy: How to Profit from a World of Big Data, Analytics and the Internet of Things",Bernard Marr,General Software & AI,20
Business Intelligence Strategy and Big Data Analytics. A General Management Perspective,Steve Williams,General Software & AI,20
Big Data Analytics Methods,Peter Ghavami,General Software & AI,20
"Big data  Using SMART Big Data, Analytics and Metrics To Make Better Decisions and Improve Performance",Bernard Marr,General Software & AI,20
"It's All Analytics!: The Foundations of AI, Big Data, and Data Science Landscape for Professionals in Healthcare, Business, and Government",Scott Burk,General Software & AI,20
Big Data Analytics with Hadoop 3: Build highly effective analytics solutions to gain valuable insight into your big data,Sridhar Alla,General Software & AI,20
Understanding Azure Data Factory: Operationalizing Big Data and Advanced Analytics Solutions,Sudhir Rawat,General Software & AI,20
Scala Programming for Big Data Analytics: Get Started With Big Data Analytics Using Apache Spark,Irfan Elahi,General Software & AI,20
Big Data Analytics Strategies for the Smart Grid,Carol L. Stimmel,General Software & AI,20
Big Data Analytics for Satellite Image Processing and Remote Sensing,P. Swarnalatha,General Software & AI,20
Big Data Analytics for Connected Vehicles and Smart Cities,Bob McQueen,General Software & AI,20
"People Analytics in the Era of Big Data: Changing the Way You Attract, Acquire, Develop, and Retain Talent",Jean Paul Isson,General Software & AI,20
"Cloud Computing for Geospatial Big Data Analytics: Intelligent Edge, Fog and Mist Computing",Himansu Das,General Software & AI,20
Big data and analytics for insurers,Boobier,General Software & AI,20
"Computer Graphics and Multimedia. Applications, Problems and Solutions",DiMarco J.,General Software & AI,20
"Artificial Life For Graphics, Animation, Multimedia And Virtual Reality (Reduced)",Demitri Terzopoulos,General Software & AI,20
"Color theory and modeling for computer graphics, visualization, and multimedia applications",Haim Levkowitz,General Software & AI,20
"Acm, Artificial Life For Graphics, Animation, Multimedia And Virtual Reality",Unknown Author,General Software & AI,20
"Color theory and modeling for computer graphics,visualization,and multimedia applications",Levkowitz H.,General Software & AI,20
"Computer Graphics and Multimedia: Applications, Problems and Solutions",John Dimarco (Editor),General Software & AI,20
"Optimizing Windows for Games, Graphics and Multimedia",David L. Farquhar,General Software & AI,20
"Multimedia, Computer Graphics and Broadcasting: International Conference, MulGraB 2011, Held as Part of the Future Generation Information Technology Conference, FGIT 2011, in Conjunction with GDC 2011, Jeju Island, Korea, December 8-10, 2011. Proceedings,",Yonghun Lee,General Software & AI,20
"Multimedia, Computer Graphics and Broadcasting: First International Conference, MulGraB 2009, Held as Part of the Future Generation Information Technology Conference, FGIT 2009, Jeju Island, Korea, December 10,12, 2009. Proceedings",Bita Ture Savadkoohi,General Software & AI,20
Principles of operations management sustainability and supply chain management,Heizer,General Software & AI,20
Critical Care Medicine: Principles of Diagnosis and Management in the Adult,Joseph E. Parrillo,General Software & AI,20
"The coaching manual: the definitive guide to the process, principles and skills of personal coaching",Julie Starr,General Software & AI,20
"Interpreting construction contracts : fundamental principles for contractors, project managers, and contract administrators",H Randolph Thomas,General Software & AI,20
Principles of Management,Charles W. L. Hill,General Software & AI,20
"The Dilbert Principle: A Cubicle's-Eye View of Bosses, Meetings, Management Fads & Other Workplace Afflictions",Scott Adams,General Software & AI,20
The Principles of Scientific Management,Frederick Winslow Taylor,General Software & AI,20
MGMT 9 Principles of Management,Chuck Williams,General Software & AI,20
The New Gold Standard: 5 Leadership Principles for Creating a Legendary Customer Experience Courtesy of the Ritz-Carlton Hotel Company,Michelli,General Software & AI,20
AO principles of fracture management,Apivatthakakul,General Software & AI,20
Principles of Supply Chain Management,Chen,General Software & AI,20
Principles of Corporate Finance Law,Eilis Ferran,General Software & AI,20
Principles Of Global Supply Chain Management,Yui-yip Lau,General Software & AI,20
"Principles of Corporate Finance (Finance, Insurance, and Real Estate)",Brealey R.,General Software & AI,20
"Principles of database management : the practical guide to storing, managing and analyzing big and small data",Baesens,General Software & AI,20
Principles of Risk Management and Insurance,George E. Rejda,General Software & AI,20
10 Principles of Modern Marketing,Kevin Lane Keller & Ann Lewnes,General Software & AI,20
Principles of Contemporary Corporate Governance,Jean Jacques du Plessis,General Software & AI,20
Principles and practice of stress management,Paul M. Lehrer PhD,General Software & AI,20
Mathematical methods for physics and engineering,K. F. Riley,General Software & AI,20
Advanced engineering mathematics with MATLAB,Dean G. Duffy,General Software & AI,20
"A Student's Guide to Fourier Transforms: With Applications in Physics and Engineering, Third edition",J. F. James,General Software & AI,20
Advanced Engineering Mathematics,Dennis G. Zill,General Software & AI,20
"Advanced Engineering Mathematics, 10th Edition",Erwin Kreyszig,General Software & AI,20
Tensor Algebra and Tensor Analysis for Engineers,Mikhail Itskov,General Software & AI,20
Student solutions manual for Mathematical methods for physics and engineering,K. F. Riley,General Software & AI,20
Schaum's Outline of Advanced Mathematics for Engineers and Scientists,Murray Spiegel,General Software & AI,20
"Handbook in Monte Carlo Simulation: Applications in Financial Engineering, Risk Management, and Economics",Paolo Brandimarte,General Software & AI,20
Modern Control Engineering (5th Edition),Katsuhiko Ogata,General Software & AI,20
Algebra-1: Course in Mathematics for the IIT-JEE and Other Engineering Entrance Examinations,Chaube,General Software & AI,20
Advanced Engineering Mathematics - Solutions Manual,Erwin Kreyszig,General Software & AI,20
Calculus 1 Course in Mathematics for the IIT JEE and Other Engineering Exams,Chaube,General Software & AI,20
Fundamentals of Electric Circuits,Charles Alexander,General Software & AI,20
"Problem Solving in Quantum Mechanics: From Basics to Real-World Applications for Materials Scientists, Applied Physicists, and Devices Engineers",Marc Cahay,General Software & AI,20
Basic mechanics with engineering applications,J  N Fawcett,General Software & AI,20
Physics for Scientists and Engineers with Modern Physics,Raymond A. Serway,General Software & AI,20
"An Introduction to Quantum Physics: A First Course for Physicists, Chemists, Materials Scientists, and Engineers",Stefanos Trachanas,General Software & AI,20
Physics for scientists and engineers : an interactive approach,Hawkes,General Software & AI,20
"Nonlinear Dynamics and Chaos: With Applications to Physics, Biology, Chemistry, and Engineering",Steven H. Strogatz,General Software & AI,20
Fluid Mechanics Fundamentals and Applications 3rd Edition Solutions Manual,Yunus Cengel,General Software & AI,20
"Physical Chemistry, 6th edition",Ira Levine,General Software & AI,20
"Solar Energy: The Physics and Engineering of Photovoltaic Conversion, Technologies and Systems",Olindo Isabella,General Software & AI,20
Engineering Mechanics: Dynamics (14th Edition) Instructor's Solutions Manual,Russell C. Hibbeler,General Software & AI,20
Schaum's Outline of Engineering Mechanics,E. Nelson,General Software & AI,20
Rules of Thumb in Engineering Practice,Donald R. Woods,General Software & AI,20
"Handbook of Chemical Engineering Calculations, Fourth Edition",Unknown Author,General Software & AI,20
Perry's Chemical Engineers' Handbook,Don W. Green,General Software & AI,20
Chemistry MCQ for IIT JEE NEET Engineering Entrance Exams CBSE ISc PU Board Exams Vinod Kumar Ahluwalia Ashis Kumar Ghosh Bharati Bhawan,Vinod Kumar Ahluwalia Ashis Kumar Ghosh,General Software & AI,20
Chemical Engineers Calculation and Shortcut Deskbook,Chemical Engineering,General Software & AI,20
"Chemical Engineering Design - Principles, Practice and Economics of Plant and Process Design",Gavin Towler,General Software & AI,20
Modern Analytical Chemistry,David T Harvey,General Software & AI,20
Chemical Engineering Dynamics: An Introduction to Modelling and Computer Simulation,John Ingham,General Software & AI,20
Chemical Reaction Engineering,Octave Levenspiel,General Software & AI,20
"Process Modeling, Simulation, and Control for Chemical Engineers",William L. Luyben,General Software & AI,20
"Scale-Up in Chemical Engineering, 2nd Edition",Marko Zlokarnik,General Software & AI,20
Chemical Engineering: An Introduction (Cambridge Series in Chemical Engineering),Morton Denn,General Software & AI,20
Reactions Rearrangements and Reagents S N Sanyal for IIT JEE main advanced NEET Engineering Medical Entrance CBSE ISc Bharati Bhawan,S N Sanyal,General Software & AI,20
A Dictionary of Chemical Engineering,Carl Schaschke,General Software & AI,20
Experiments in Physical Chemistry,Carl Garland,General Software & AI,20
"Coulson and Richardson’s Chemical Engineering, Fourth Edition: Volume 3A: Chemical and Biochemical Reactors and Reaction Engineering",R. Ravi,General Software & AI,20
Chemical Reaction Engineering Handbook of Solved Problems,Walas S.M.,General Software & AI,20
Problem Solving in Data Structures & Algorithms Using Python: Programming Interview Guide,Hemant Jain,General Software & AI,20
Technical Drawing with Engineering Graphics,Frederick E. Giesecke,General Software & AI,20
Engineering Graphics with AutoCAD 2020,James D. Bethune,General Software & AI,20
Interpreting Engineering Drawings,Ted Branoff,General Software & AI,20
Autodesk Inventor 2019 and Engineering Graphics,Randy H. Shih,General Software & AI,20
Manual of engineering drawing. Second edition,Colin Simmons,General Software & AI,20
Geometric and Engineering Drawing,K. Morling,General Software & AI,20
Engineering Graphics Essentials,Kirstie Plantenberg,General Software & AI,20
First Principles Of Mechanical And Engineering Drawing,H Holtbutterfill,General Software & AI,20
AUTODESK INVENTOR 2020 AND ENGINEERING GRAPHICS.,RANDY SHIH,General Software & AI,20
3D Game Engine Design: A Practical Approach to Real-Time Computer Graphics,David H. Eberly,General Software & AI,20
"Engineering Design Graphics: Sketching, Modeling, and Visualization",James Leake,General Software & AI,20
3D game engine design: a practical approach to real-time computer graphics,David H. Eberly,General Software & AI,20
"Graphic science; engineering drawing, descriptive geometry, graphical solutions",French,General Software & AI,20
The fundamentals of engineering drawing and graphic technology,Thomas E. French,General Software & AI,20
"Visualization, Modeling, and Graphics for Engineering Design",Dennis Lieu,General Software & AI,20
"Introduction to Graphics Communications for Engineers, Fourth Edition (Basic Engineering Series and Tools)",Gary R. Bertoline,General Software & AI,20
Engineering Graphics for Diploma,K. C. John,General Software & AI,20
Introductory Engineering Graphics,OSAKUE,General Software & AI,20
Mind to Matter: The Astonishing Science of How Your Brain Creates Material Reality,Dawson Church,General Software & AI,20
Fundamentals of Materials Science and Engineering: An Integrated Approach,William D. Callister,General Software & AI,20
Materials science and engineering : an introduction,William D Callister,General Software & AI,20
The Science and Engineering of Materials,Donald R. Askeland,General Software & AI,20
Understanding Solids: The Science of Materials,Unknown Author,General Software & AI,20
Visual methodologies: an introduction to researching with visual materials (4th edition),Gillian Rose,General Software & AI,20
Materials Science and Engineering: A First Course,V. Raghavan,General Software & AI,20
"Job Hazard Analysis, Second Edition: A Guide for Voluntary Compliance and Beyond",James Roughton Certified Safety Professional (CSP),General Software & AI,20
Composite Materials: Science and Engineering,Krishan K. Chawla (auth.),General Software & AI,20
Materials Science and Engineering. An Introduction,William D. Callister,General Software & AI,20
"Materials: Engineering, Science, Processing and Design",Michael Ashby,General Software & AI,20
Materials and Design. The Art and Science of Material Selection in Product Design,Michael F. Ashby and Kara Johnson (Auth.),General Software & AI,20
"Materials Science and Engineering: An Introduction, Eighth Edition",William D. Callister Jr.,General Software & AI,20
Materials Science and Engineering An Introduction,William D. Callister,General Software & AI,20
"Modern physical metallurgy and materials engineering: science, process, applications",R. E. Smallman,General Software & AI,20
The Science of the Rishis: The Spiritual and Material Discoveries of the Ancient Sages of India,Vanamali,General Software & AI,20
David Hume: A Treatise of Human Nature Volume 2: Editorial Material (Clarendon Hume Edition Series),David Fate Norton,General Software & AI,20
Encyclopedia of Materials: Science and Technology (v. 10),K.H.J. Buschow Ph.D.,General Software & AI,20
Phillips' Science of Dental Materials,Anusavice K.J.,General Software & AI,20
Basic Electrical And Instrumentation Engineering,S. Salivahanan,General Software & AI,20
"1800 Mechanical Movements, Devices and Appliances",Gardner D. Hiscox,General Software & AI,20
Machine Elements in Mechanical Design,Robert L. Mott,General Software & AI,20
Mechanisms and Mechanical Devices Sourcebook,Neil Sclater,General Software & AI,20
"Five hundred and seven mechanical movements, embracing all those which are most important in dynamics, hydraulics, hydrostatics, pneumatics, steam engines, mill and other gearing, presses, horology, and miscellaneous machinery, and including many movement",Henry T Brown,General Software & AI,20
Vector Mechanics for Engineers: Statics and Dynamics,Beer,General Software & AI,20
Design Engineering Manual,Mike Tooley BA,General Software & AI,20
Engineering Mechanics: Statics & Dynamics,Russell Charles Hibbeler,General Software & AI,20
Shigley's Mechanical Engineering Design,Richard G. Budynas,General Software & AI,20
Kinematics and Dynamics of Mechanical Systems: Implementation in MATLAB® and SimMechanics®,Kevin Russell,General Software & AI,20
Materials and Engineering Mechanics,Myer Kutz,General Software & AI,20
Mechanical Design Engineering Handbook,Peter R.N. Childs,General Software & AI,20
"Fundamentals of Modern Manufacturing: Materials, Processes, and Systems",Mikell P. Groover,General Software & AI,20
An introduction to mechanical engineering. / Part 1,Michael Clifford,General Software & AI,20
A First Course in Partial Differential Equations: with Complex Variables and Transform Methods (Dover Books on Mathematics),H. F. Weinberger,General Software & AI,20
A first course in partial differential equations with complex variables and transform methods,H. F. Weinberger,General Software & AI,20
Transforms and Partial Differential Equations,N. Subramaniam,General Software & AI,20
Engineering Mathematics Transforms and Partial Differential Equations,P. Kandasamy,General Software & AI,20
A First Course in Partial Differential Equations: with Complex Variables and Transform Methods,H. F. Weinberger,General Software & AI,20
"Nonlinear Hyperbolic Equations, Spectral Theory, and Wavelet Transformations: A Volume of Advances in Partial Differential Equations",P. R. Popivanov (auth.),General Software & AI,20
First Course in Partial Differential Equations with Complex Variables and Transform Methods,Weinberger,General Software & AI,20
A First Course in Partial Differential Equations with complex variables and transform methods,H. F. Weinberger,General Software & AI,20
solution manual Introduction to Chemical Engineering Thermodynamics 7th Edition,J.M. Smith,General Software & AI,20
Engineering Thermodynamics,P K Nag,General Software & AI,20
"Case Studies in Mechanical Engineering: Decision Making, Thermodynamics, Fluid Mechanics and Heat Transfer",Stuart Sabol,General Software & AI,20
Fundamentals of Engineering Thermodynamics - Solution Manual 8th,Michael J. Moran,General Software & AI,20
Thermodynamics: An Engineering Approach,Yunus A. Çengel,General Software & AI,20
"Introduction to Thermal Systems Engineering: Thermodynamics, Fluid Mechanics, and Heat Transfer",Michael J. Moran,General Software & AI,20
Thermodynamics: An Engineering Approach with Student Resources DVD,Yunus Cengel,General Software & AI,20
Fundamentals of Chemical Engineering Thermodynamics,Kevin D. Dahm,General Software & AI,20
Introduction To Thermodynamics and Heat Transfer,Yunus A. Cengel,General Software & AI,20
"Chemical, biochemical and engineering thermodynamics",Sandler,General Software & AI,20
Applied thermodynamics for engineering technologists,T  D Eastop,General Software & AI,20
Fluid Mechanics and Machinery,C.P. Kothandaraman,General Software & AI,20
Fluid mechanics and machinery,Khan,General Software & AI,20
"Handbook of Fluid Dynamics and Fluid Machinery, Vol. 1: Fundamentals of Fluid Dynamics",Allen E.Fuhs,General Software & AI,20
"Handbook of Fluid Dynamics and Fluid Machinery: Applications of Fluid Dynamics, Volume III",Unknown Author,General Software & AI,20
Fluid Machinery and Fluid Mechanics: 4th International Symposium (4th ISFMFE),Jianzhong Xu,General Software & AI,20
"Bench Testing of Industrial Fluid Lubrication and Wear Properties Used in Machinery Applications (ASTM Special Technical Publication, 1404)",George E. Totten,General Software & AI,20
Handbook of Fluid Dynamics and Fluid Machinery v 1,Fuhs A.E.,General Software & AI,20
Manufacturing and Management,Myer Kutz,General Software & AI,20
Manufacturing Engineering and Technology,Serope Kalpakjian,General Software & AI,20
Principles and Applications of Fermentation Technology,Arindam Kuila,General Software & AI,20
3D Printing and Additive Manufacturing Technologies,L. Jyothish Kumar,General Software & AI,20
"Manufacturing automation : metal cutting mechanics, machine tool vibrations, and CNC design",Yusuf Altintas.,General Software & AI,20
Handbook of Manufacturing Engineering and Technology,Andrew Y. C. Nee,General Software & AI,20
Principles of Metal Manufacturing Processes,J. Beddoes,General Software & AI,20
"Manufacturing Processes 2: Grinding, Honing, Lapping",Fritz Klocke,General Software & AI,20
Handbook of Food Science and Technology 1: Food Alteration and Food Quality,Romain Jeantet,General Software & AI,20
Manufacturing Processes 1: Cutting,Fritz Klocke (auth.),General Software & AI,20
Dudley’s Handbook of Practical Gear Design and Manufacture,Stephen P. Radzevich,General Software & AI,20
Food Science and Technology,Geoffrey Campbell-Platt,General Software & AI,20
"Additive Manufacturing Technologies: 3D Printing, Rapid Prototyping, and Direct Digital Manufacturing",Ian Gibson,General Software & AI,20
Introduction to Basic Manufacturing Processes and Workshop Technology,Rajender Singh,General Software & AI,20
Spring Design and Manufacture,Tubal Cain,General Software & AI,20
Frozen Food Science and Technology,Judith Evans,General Software & AI,20
Handbook of Food and Beverage Fermentation Technology,Y. H. Hui,General Software & AI,20
"Learning to Love Data Science: Explorations of Emerging Technologies and Platforms for Predictive Analytics, Machine Learning, Digital Manufacturing and Supply Chain Optimization",Mike Barlow,General Software & AI,20
Handbook of Semiconductor Manufacturing Technology,Yoshio Nishi,General Software & AI,20
PID and Predictive Control of Electrical Drives and Power Converters using MATLAB / Simulink,Liuping Wang,General Software & AI,20
"Advanced Electric Drives: Analysis, Control, and Modeling Using MATLAB / Simulink",Ned Mohan,General Software & AI,20
"Electric Motor Drives: Modeling, Analysis, and Control",R. Krishnan,General Software & AI,20
Digital Control of Electrical Drives (Power Electronics and Power Systems),Slobodan N. Vukosavic,General Software & AI,20
Dynamics and Control of Electrical Drives,Piotr Wach (auth.),General Software & AI,20
"Modeling, Simulation and Control of Electrical Drives",Mohammed Fazlur Rahman,General Software & AI,20
Electric Drives and Electromechanical Systems: Applications and Control,Richard Crowder,General Software & AI,20
"Electric machines and drives : principles, control, modeling, and simulation",Filizadeh,General Software & AI,20
"Control in power electronics and electrical drives : proceedings of the 3. IFAC Symposium, Lausanne, 12 - 14 Sept. 1983",Rudolf Zwicky,General Software & AI,20
The control techniques drives and controls handbook,Bill Drury,General Software & AI,20
"Chaos in Electric Drive Systems: Analysis, Control and Application",K. T. Chau,General Software & AI,20
Electric Drives and Electromechanical Systems: Applications and Control 2019,Richard Crowder,General Software & AI,20
"Control in power electronics and electrical drives : proceedings of the second IFAC symposium, Düsseldorf, Federal Republic of Germany, 3-5 October 1977",Werner Leonhard,General Software & AI,20
"Electric Machines and Drives: Principles, Control, Modeling, and Simulation",Shaahin Filizadeh (Author),General Software & AI,20
Numerical and Statistical Methods for Bioengineering: Applications in MATLAB,Michael R. King,General Software & AI,20
Numerical and Statistical Methods for Computer Engineering Gujarat Technological University 2017,Ravish R Singh,General Software & AI,20
Numerical and Statistical Methods for Civil Engineering Gujarat Technological University 2017,Ravish R Singh,General Software & AI,20
"Kinematics, Dynamics, and Design of Machinery",Kenneth J. Waldron,General Software & AI,20
Kinematics and Dynamics of Machinery,Charles E. Wilson,General Software & AI,20
Kinematics of Machinery Through HyperWorks,J.S. Rao (auth.),General Software & AI,20
Kinematics of Machinery Through HyperWorks (History of Mechanism and Machine Science),J.S. Rao,General Software & AI,20
Welding Metallurgy and Weldability of Stainless Steels,John C. Lippold,General Software & AI,20
Metal Cutting,Paul K. Wright Ph.D.  Industrial Metallurgy,General Software & AI,20
Metallurgy and Mechanics of Welding,Regis Blondeau,General Software & AI,20
Quenching theory and technology,B Liéséciâc,General Software & AI,20
SME Mining Engineering Handbook,Darling,General Software & AI,20
Welding Metallurgy and Weldability,John C. Lippold,General Software & AI,20
Stainless Steels for Design Engineers,Michael F. McGuire,General Software & AI,20
Underground Mining Methods - Engineering Fundamentals and International Case Studies,William A. Hustrulid,General Software & AI,20
"SME Mining Engineering Handbook, 2 Volume Set (Second Edition)",I. A. Given,General Software & AI,20
Microstructure of Steels and Cast Irons (Engineering Materials and Processes),Madeleine Durand-Charre,General Software & AI,20
Handbook of Metal Forming,Kurt Lange,General Software & AI,20
"Metal Fatigue in Engineering, 2nd Edition",Ralph I. Stephens,General Software & AI,20
Mining engineering analysis,Christopher J. Bise,General Software & AI,20
Mechanical Alloying for Fabrication of Advanced Engineering Materials,M. Sherif El-Eskandarany,General Software & AI,20
Elements of Metallurgy and Engineering Alloys,Campbell F,General Software & AI,20
"Surface Engineering of Light Alloys: Aluminium, Magnesium and Titanium Alloys",H. Dong,General Software & AI,20
Study guide for the professional licensure of mining and mineral processing engineers : principles and practice of engineering (P.E.) examination,Society for Mining,General Software & AI,20
Welding Metallurgy and Weldability of Nickel-Base Alloys,John C. Lippold,General Software & AI,20
"Planning and Installing Solar Thermal Systems: A Guide for Installers, Architects and Engineers, Second Edition",German Solar Energy Society (DGS),General Software & AI,20
Thermal Power Plant Control and Instrumentation: The control of boilers and HRSGs,David Lindsley,General Software & AI,20
"Solar Engineering of Thermal Processes, Fourth Edition",John A. Duffie,General Software & AI,20
"Power Engineering: Advances and Challenges. Part A: Thermal, Hydro and Nuclear Power",Viorel Badescu,General Software & AI,20
Fundamentals of statistical and thermal physics,Frederick Reif,General Software & AI,20
"CRC Handbook of Thermal Engineering, Second Edition",Raj P. Chhabra,General Software & AI,20
ASME Steam Tables: Compact Edition (Crtd),ASME Research and Technology Committee on Water and Steam in Thermal Systems Subcommittee on Properties of Steam,General Software & AI,20
Handbook of Thermal Science and Engineering,Unknown Author,General Software & AI,20
Thermal Engineering,Sadhu Singh,General Software & AI,20
"Thermal Engineering Studies with Excel, Mathcad and Internet",Valery Ochkov,General Software & AI,20
ENTROPY ANALYSIS IN THERMAL ENGINEERING SYSTEMS,YOUSEF HASELI,General Software & AI,20
The CRC Handbook of Thermal Engineering (Handbook Series for Mechanical Engineering),Frank Kreith,General Software & AI,20
Thermal power plant cooling : context and engineering,King,General Software & AI,20
"Applied materials science: applications of engineering materials in structural, electronics, thermal, and other industries",Deborah D. L. Chung,General Software & AI,20
Thermal Power Plant Simulation and Control (IEE Power and Energy Series),Damian Flynn,General Software & AI,20
CRC handbook of thermal engineering,Chhabra R.P.   (ed.),General Software & AI,20
The Science and Engineering of Thermal Spray Coatings,Lech Pawlowski,General Software & AI,20
Design of Machine Elements,Bhandari,General Software & AI,20
Analysis and Design of Machine Elements,Wei Jiang,General Software & AI,20
Mechanical Design of Machine Elements and Machines: A Failure Prevention Perspective,Jack A. Collins,General Software & AI,20
Mechanical Design of Machine Elements and Machines: A Failure Prevention Perspective Solution Manual,Jack A. Collins,General Software & AI,20
Problems of the design of machine elements,Prof. Huseyin Filiz,General Software & AI,20
Design of machine elements,M. F. Spotts,General Software & AI,20
Tribological design of machine elements,D. Dowson,General Software & AI,20
DESIGN OF MACHINE ELEMENTS-II,Jis University,General Software & AI,20
Engineering metrology and measurements,Krishnamurthy,General Software & AI,20
Handbook of Measurement in Science and Engineering Volume 1,Myer Kutz,General Software & AI,20
Handbook of Measurement in Science and Engineering Volume 2,Myer Kutz,General Software & AI,20
Theory and Design for Mechanical Measurements,Richard S. Figliola,General Software & AI,20
"Measurement and Instrumentation Principles, Third Edition",Alan S Morris,General Software & AI,20
Metrology and Theory of Measurement,Anna G. Chunovkina,General Software & AI,20
Quantum Metrology: Foundation of Units and Measurements,Ernst O. Goebel,General Software & AI,20
Mechanical Measurements and Instrumentation,R. K. Rajput,General Software & AI,20
Handbook of measurements : benchmarks for systems accuracy and precision,Badiru,General Software & AI,20
Advances in Manufacturing II: Volume 5 - Metrology and Measurement Systems,Magdalena Diering,General Software & AI,20
"Encyclopaedia of Historical Metrology, Weights, and Measures: Volume 2",Jan Gyllenbok,General Software & AI,20
"Encyclopaedia of Historical Metrology, Weights, and Measures: Volume 3",Jan Gyllenbok,General Software & AI,20
Uncertainty of Measurements - Physical and Chemical Metrology - Impact and Analysis,Kimothi,General Software & AI,20
Metrology - Calibration and Measurement Processes Guidelines,Castrup H.T. et al.,General Software & AI,20
"Encyclopaedia of Historical Metrology, Weights, and Measures",Jan Gyllenbok,General Software & AI,20
Practical Attribute and Variable Measurement Systems Analysis (MSA): A Guide for Conducting Gage R&R Studies and Test Method Validations,Mark Allen Durivage,General Software & AI,20
Measurements using optic and RF waves,Frédérique de Fornel (editor),General Software & AI,20
Handbook of Measurement in Science and Engineering,Myer Kutz,General Software & AI,20
Theory of Machines: Kinematics and Dynamics,Sadhu Singh,General Software & AI,20
Fundamentals of Kinematics and Dynamics of Machines and Mechanisms,Oleg Vinogradov,General Software & AI,20
Dynamics of Rotating Machines,Michael I. Friswell,General Software & AI,20
Kinematics and Dynamics of Machines - 2nd Edition,George H Martin,General Software & AI,20
Kinematics and Dynamics of Machines,George H. Martin,General Software & AI,20
Kinematics and Dynamics of Machines Solution Manual,George H.Martin,General Software & AI,20
Dynamics On and Of Complex Networks III: Machine Learning and Statistical Physics Approaches,Fakhteh Ghanbarnejad,General Software & AI,20
Dynamics and Control of Advanced Structures and Machines,Hans Irschik,General Software & AI,20
"Dynamics of machines and mechanisms, industrial research",Unknown Author,General Software & AI,20
Fundamentals of kinematics and dynamics of machines and mechanisms,Oleg Vinogradov,General Software & AI,20
Dynamics of Saturated Electric Machines,Vlado Ostović (auth.),General Software & AI,20
"Rotordynamics ’92: Proceedings of the International Conference on Rotating Machine Dynamics Hotel des Bains, Venice, 28–30 April 1992",A. D. Dimarogonas (auth.),General Software & AI,20
Dynamics and Control of Machines,V. K. Astashev,General Software & AI,20
Advanced Dynamics and Model-Based Control of Structures and Machines,Tadaharu Adachi,General Software & AI,20
Dynamic Thermal Analysis of Machines in Running State,Lihui Wang (auth.),General Software & AI,20
"Dynamics and Control of Advanced Structures and Machines: Contributions from the 3rd International Workshop, Perm, Russia",Valerii P. Matveenko,General Software & AI,20
Advanced Dynamics and Control of Structures and Machines,Hans Irschik,General Software & AI,20
Improving the dynamics of five-axis machining through optimization of workpiece setup and tool orientations,Pengcheng Hu & Kai Tang,General Software & AI,20
Dynamics and control of advanced structures and machines,Irschik,General Software & AI,20
"Design, control and application of modular multilevel converters for HVDC transmission systems",Harnefors,General Software & AI,20
Design Of Transmission Systems,E. V. V. Ramanamurthy,General Software & AI,20
Heat and mass transfer: fundamentals and applications,Yunus A. Çengel,General Software & AI,20
Fundamentals of Heat and Mass Transfer,Theodore L. Bergman,General Software & AI,20
"Heat and Mass Transfer: (SI Units): A Practical Approach, 3rd edition",Yunus A. Cengel,General Software & AI,20
"Fundamentals of Heat and Mass Transfer, Seventh Edition",Theodore L. Bergman,General Software & AI,20
Heat and Mass Transfer: A Practical Approach 3rd - SOLUTIONS MANUAL,Yunus Cengel,General Software & AI,20
Fundamentals of Heat and Mass Transfer [Solutions],Theodore L. Bergman,General Software & AI,20
"Fluid Mechanics, Heat Transfer, and Mass Transfer: Chemical Engineering Practice",K. S. Raju,General Software & AI,20
"Fundamentals of Momentum, Heat and Mass Transfer",James R. Welty,General Software & AI,20
"Heat and Mass Transfer: A Textbook for the Students Preparing for B.E., B.Tech., B.Sc. Engg, AMIE, UPSC (Engg. Services) and GATE Examinations",Rajput,General Software & AI,20
Heat and mass-transfer,Hans Dieter Baehr,General Software & AI,20
"Coulson and Richardson’s chemical engineering, Volume 1B: Heat and mass transfer : fundamentals and applications",Chhabra,General Software & AI,20
Fundamentals of heat and mass transfer,Kothandaraman C.,General Software & AI,20
"Fundamentals of Heat and Mass Transfer, 5th Edition - SOLUTION",Frank P. Incropera,General Software & AI,20
Fundamentals of the Finite Element Method for Heat and Mass Transfer,Perumal Nithiarasu,General Software & AI,20
"Fundamentals of Momentum, Heat and Mass Transfer - Solution Manual",James Welty,General Software & AI,20
Engineering heat and mass transfer,Rathore,General Software & AI,20
"Fluid Flow, Heat and Mass Transfer at Bodies of Different Shapes: Numerical Solutions",Kuppalapalle Vajravelu,General Software & AI,20
Convective Heat and Mass Transfer,Seyed Mostafa Ghiaasiaan,General Software & AI,20
"Particles, bubbles & drops: their motion, heat and mass transfer",E. E. Michaelides,General Software & AI,20
Introduction to Finite Element Analysis Using MATLAB® and Abaqus,Amar Khennane,General Software & AI,20
Finite Element Analysis Method Guide through ANSYS Wb,Stefanos Syllignakis,General Software & AI,20
ANSYS Mechanical APDL for Finite Element Analysis,Mary Kathryn Thompson,General Software & AI,20
Fundamentals of Finite Element Analysis: Linear Finite Element Analysis,Ioannis Koutromanos,General Software & AI,20
Introduction to finite element analysis for engineers,Fayed,General Software & AI,20
Finite element analysis of composite materials using Abaqus,Barbero,General Software & AI,20
Finite Element Analysis with ANSYS Workbench,Pramote Dechaumphai,General Software & AI,20
Finite element analysis with error estimators: an introduction to the FEM and adaptive error analysis for engineering students,J. E. Akin,General Software & AI,20
Finite Element Analysis of Composite Materials Using ANSYS®,Barbero,General Software & AI,20
Fundamental Finite Element Analysis and Applications: with Mathematica and MATLAB Computations,M. Asghar Bhatti,General Software & AI,20
Introduction to Finite Element Analysis and Design,Nam H. Kim,General Software & AI,20
Finite Element Analysis for Design Engineers Second Edition,Paul M. Kurowski,General Software & AI,20
Fundamentals of Finite Element Analysis,David V. Hutton,General Software & AI,20
An Introduction to Nonlinear Finite Element Analysis,Junuthula Narasimha Reddy,General Software & AI,20
Troubleshooting Finite-Element Modeling with Abaqus: With Application in Structural Engineering Analysis,Raphael Jean Boulbes,General Software & AI,20
The Finite Element Method: Linear Static and Dynamic Finite Element Analysis,Thomas J. R. Hughes,General Software & AI,20
Concepts and Applications of Finite Element Analysis,Robert D. Cook,General Software & AI,20
Finite Element Analysis and Design of Metal Structures,Ehab Ellobody,General Software & AI,20
"Hydraulics and Pneumatics, Third Edition: A technician's and engineer's guide",Andrew Parr,General Software & AI,20
"Hydraulics and Pneumatics: A Technician's and Engineer's Guide, Second Edition",Andrew Parr,General Software & AI,20
Hydraulics and Pneumatics - A Technician’s and Engineer’s Guide,Parr,General Software & AI,20
Engineering Applications of Pneumatics and Hydraulics,Ian C. Turner (Author),General Software & AI,20
"Pneumatic and Hydraulic Components and Instruments in Automatic Control. Proceedings of the IFAC Symposium, Warsaw, Poland, 20–23 May 1980",International Federation of Automatic Control,General Software & AI,20
Pneumatic and Hydraulic Control Systems. Seminar on Pneumohydraulic Automation (First Session),M. A. Aizerman (Eds.),General Software & AI,20
Pneumatic and Hydraulic Control Systems. Seminar on Pneumohydraulic Automation,M. A. Aizerman (Eds.),General Software & AI,20
Advances in Hydraulic and Pneumatic Drives and Control 2020,Michael Moser,General Software & AI,20
Hydraulics and Pneumatics. A technician's and engineer's guide,Andrew Parr (Auth.),General Software & AI,20
Hydraulics and Pneumatics,A. Parr,General Software & AI,20
Hydraulics and Pneumatics - A Technician's and Engineer's Guide,Parr,General Software & AI,20
Hydraulics and Pneumatics. A Technicians and Engineers Guide,Parr A.,General Software & AI,20
Hydraulics and pneumatics,Коллектив авторов,General Software & AI,20
Power Plant Engineering.,Nag,General Software & AI,20
Power Plant Engineering,A.K. Raja,General Software & AI,20
Handbook for cogeneration and combined cycle power plants,Boyce,General Software & AI,20
Power Plant Control and Instrumentation: the control of boilers and HRSG systems,David Lindsley,General Software & AI,20
Practical power plant engineering : a guide for early career engineers,Bedalov,General Software & AI,20
Diesel Engines for ship propulsion and power plants from 0 to 100000 kW,Kuiken K.,General Software & AI,20
"Analysis of Engineering Cycles. Power, Refrigerating and Gas Liquefaction Plant",R. W. Haywood (Auth.),General Software & AI,20
Handbook for Cogeneration and Combined Cycle Power Plants,Meherwan P. Boyce,General Software & AI,20
Materials for High Temperature Power Generation and Process Plant Applications,Andrew Strang,General Software & AI,20
Power-plant control and instrumentation: the control of boilers and HRSG systems,David Lindsley,General Software & AI,20
Thermal power plant simulation and control,Damian Flynn,General Software & AI,20
A TEXTBOOK OF POWER PLANT ENGINEERING,R. K. Rajput,General Software & AI,20
Control and Mechatronics (The Industrial Electronics Handbook),Bodgan Wilamowski,General Software & AI,20
Mechatronics for the Evil Genius,Newton Braga,General Software & AI,20
Mechatronics : A Foundation Course,Clarence W. de Silva,General Software & AI,20
Mechatronics System Design (2nd Edition),Devdas Shetty,General Software & AI,20
Understanding Electro-Mechanical Engineering: An Introduction to Mechatronics (IEEE Press Understanding Science & Technology Series),Lawrence J. Kamm,General Software & AI,20
Sensors and Actuators in Mechatronics Design and Applications,Andrzej M. Pawlak,General Software & AI,20
"System Dynamics: Modeling, Simulation, and Control of Mechatronic Systems",Dean C. Karnopp,General Software & AI,20
Sensors for Mechatronics,P.P.L. Regtien (Auth.),General Software & AI,20
Fundamentals of Mechatronics,Musa Jouaneh,General Software & AI,20
Introduction to Mechatronics and Measurement Systems,David G. Alciatore,General Software & AI,20
Robotics and Mechatronics for Agriculture,Dan Zhang,General Software & AI,20
"Electric and Hybrid Vehicles: Technologies, Modeling and Control - A Mechatronic Approach",Amir Khajepour,General Software & AI,20
Mechatronics and Control of Electromechanical Systems,Sergey Edward Lyshevski,General Software & AI,20
"Mechatronic Systems: Devices, Design, Control, Operation and Monitoring",Clarence W. de Silva,General Software & AI,20
Mechatronics with Experiments,Sabri Cetinkunt,General Software & AI,20
"Mechatronic System Control, Logic, and Data Acquisition (The Mechatronics Handbook, Second Edition)",Robert H. Bishop,General Software & AI,20
"Sensors for Mechatronics, 2nd Edition",Paul P.L. Regtien,General Software & AI,20
Mechatronic Systems and Process Automation: Model-Driven Approach and Practical Design Guidelines,Patrick O.J. Kaltjob,General Software & AI,20
Automatic Control Systems,Farid Golnaraghi,General Software & AI,20
Modern Control Systems (12th Edition),Richard C. Dorf,General Software & AI,20
Missile Guidance and Control Systems,George M. Siouris,General Software & AI,20
Nonlinear Systems (3rd Edition),Hassan K. Khalil,General Software & AI,20
Nonlinear Control Systems Using MATLAB®,Mourad Boufadene,General Software & AI,20
"Instructor's Solutions Manual for Modern Control Systems, 12th Edition",Richard C. Dorf,General Software & AI,20
"Automatic Control Systems, 9th Edition - Solutions Manual",Farid Golnaraghi,General Software & AI,20
Control System Design,Graham C. Goodwin,General Software & AI,20
"Automatic Control Systems, 10th Edition",Farid Golnaraghi,General Software & AI,20
Modern Control Systems (11th Edition),Richard C. Dorf,General Software & AI,20
Basic and advanced regulatory control: system design and application,Harold L. Wade,General Software & AI,20
Pid Control System Design and Automatic Tuning Using Matlab/Simulink (Wiley - IEEE),Liuping Wang,General Software & AI,20
System Dynamics (4th Edition),Katsuhiko Ogata,General Software & AI,20
Power Quality In Electrical Machines And Power Systems,Ewald Fuchs,General Software & AI,20
"Electrical Machines, Drives and Power Systems",Théodore Wildi,General Software & AI,20
"Power Quality in Power Systems and Electrical Machines, Second Edition",Fuchs,General Software & AI,20
"Electrical Machines, Drives and Power Systems Sixth Edition (Instructor's Manual)",Theodore Wildi,General Software & AI,20
"Electrical Machines, Drives, and Power Systems",Theodore Wildi,General Software & AI,20
"Electrical Machines, Drives and Power Systems, Fifth Edition",Theodore Wildi,General Software & AI,20
Electric Power System Components: Transformers and Rotating Machines,Robert Stein,General Software & AI,20
"Entrepreneurship in Power Semiconductor Devices, Power Electronics, and Electric Machines and Drive Systems",Krishnan Ramu,General Software & AI,20
Rotating Electrical Machines and Power Systems,Patrick,General Software & AI,20
Data and Electric Power: From Deterministic Machines to Probabilistic Systems in Traditional Engineering,Sean Patrick Murphy,General Software & AI,20
Power Quality in Power Systems and Electrical Machines,Ewald Fuchs,General Software & AI,20
"CNC Machining Handbook: Building, Programming, and Implementation",Alan Overby,General Software & AI,20
Fusion 360 for Makers: Design Your Own Digital Models for 3D Printing and CNC Fabrication,Lydia Sloan Cline,General Software & AI,20
CNC Robotics: Build Your Own Workshop Bot,Geoff Williams,General Software & AI,20
Build Your Own CNC Machine (Technology in Action),James Floyd Kelly,General Software & AI,20
Getting Started with CNC: Personal Digital Fabrication with Shapeoko and Other Computer-Controlled Routers,Ford,General Software & AI,20
CNC Programming Tutorials Examples G & M Codes: G & M Programming Tutorial Example Code for Beginner to Advance Level CNC Machinist.,Thanh Tran,General Software & AI,20
Machining and Cnc Technology,Michael Fitzpatrick,General Software & AI,20
Design for CNC: Furniture Projects and Fabrication Technique,Gary Rohrbacher,General Software & AI,20
CNC Milling for Makers: Basics - Techniques - Applications,Christian Rattat,General Software & AI,20
"Programmable Automation Technologies - An Introduction to CNC, Robotics and PLCs",Kandray,General Software & AI,20
3D Printing and CNC Fabrication with SketchUp,Lydia Cline,General Software & AI,20
Modern Leatherwork for Makers: Traditional Craft Techniques Meet CNC and 3D Printing,Tim Deagan,General Software & AI,20
"Programming of CNC Machines, Fourth Edition",Ken Evans,General Software & AI,20
Prescription for Nutritional Healing: The A-to-Z Guide to Supplements,CNC,General Software & AI,20
Theory and Design of CNC Systems,Suk-Hwan Suh,General Software & AI,20
CNC trade secrets : a guide to CNC machine shop practices,Harvey,General Software & AI,20
CNC control setup for milling and turning : mastering CNC control systems,Peter Smid,General Software & AI,20
CNC Milling in the Workshop,Marcus Bowman,General Software & AI,20
CNC programming techniques: an insider's guide to effective methods and applications,Smid,General Software & AI,20
Principles of Robotics & Artificial Intelligence,Donald R. Franceschetti,General Software & AI,20
"Principles of Robot Motion: Theory, Algorithms, and Implementations",Choset H.,General Software & AI,20
Biomechanical Principles on Force Generation and Control of Skeletal Muscle and their Applications in Robotic Exoskeleton,Yuehong Yin,General Software & AI,20
Principles of Automation: What a Robot Can and Cannot Do,J. F. Schuh (auth.),General Software & AI,20
"Machine Vision Inspection Systems: Image Processing, Concepts, Methodologies, and Applications",Muthukumaran Malarvel (editor),General Software & AI,20
Image Acquisition and Preprocessing for Machine Vision Systems,Sinha,General Software & AI,20
Machine Vision - Applications and Systems,Fabio Solari,General Software & AI,20
"Machine vision inspection systems. Vol.1: image processing, concepts",Malarvel M (ed.),General Software & AI,20
Image acquisition and preprocessing for machine vision systems,Sinha,General Software & AI,20
"Machine Vision. Algorithms, Architectures, and Systems",Herbert Freeman (Eds.),General Software & AI,20
Industrial process automation systems : design and implementation,Mehta,General Software & AI,20
Professional Stock Trading: System Design and Automation,Mark R. Conway,General Software & AI,20
"Safety Instrumented Systems: Design, Analysis, and Justification,",Paul Gruhn,General Software & AI,20
Substation Automation Systems: Design and Implementation,Evelio Padilla,General Software & AI,20
"Mechatronic Systems: Analysis, Design and Implementation",El-Kébir Boukas,General Software & AI,20
Automation in Textile Machinery: Instrumentation and Control System Design Principles,L. Ashok Kumar,General Software & AI,20
"Electronic design automation for IC system design, verification, and testing",Lavagno,General Software & AI,20
Mechatronic Futures: Challenges and Solutions for Mechatronic Systems and their Designers,Peter Hehenberger,General Software & AI,20
Linear System Theory and Design,Chi-Tsong Chen,General Software & AI,20
The Design of High Performance Mechatronics: High-Tech Functionality by Multidisciplinary System Integration,R. Munnig Schmidt,General Software & AI,20
"EDA for IC System Design, Verification, and Testing (Electronic Design Automation for Integrated Circuits Hdbk)",Louis Scheffer,General Software & AI,20
Design Automation of Cyber-Physical Systems,Mohammad Abdullah Al Faruque,General Software & AI,20
Ansible Playbook Essentials: Design automation blueprints using Ansible's playbooks to orchestrate and manage your multi-tier infrastructure,Gourav Shah,General Software & AI,20
"Electronic Design Automation: Synthesis, Verification, and Test (Systems on Silicon)",Laung-Terng Wang,General Software & AI,20
Excel Data Analysis: Modeling and Simulation,Hector Guerrero,General Software & AI,20
Introduction to Modeling and Simulation with MATLAB® and Python,Steven I. Gordon,General Software & AI,20
"100 Excel VBA Simulations: Using Excel VBA to Model Risk, Investments, Genetics. Growth, Gambling, and Monte Carlo Analysis",Dr. Gerard M. Verschuuren,General Software & AI,20
Modeling and Simulation of Systems Using MATLAB and Simulink,Devendra K. Chaturvedi,General Software & AI,20
"Derivatives Analytics with Python: Data Analysis, Models, Simulation, Calibration and Hedging",Yves Hilpisch,General Software & AI,20
"Business risk and simulation modelling in practice : using Excel, VBA and @RISK",Rees,General Software & AI,20
Finite Element Modeling and Simulation with ANSYS Workbench,Xiaolin Chen,General Software & AI,20
Theory of Modeling and Simulation,Bernard P. Zeigler,General Software & AI,20
"Dynamic Systems: Modeling, Simulation, and Control",Craig A. Kluever,General Software & AI,20
Simulation Modeling and Analysis,Averill M Law,General Software & AI,20
"Simulation and Optimization in Finance: Modeling with MATLAB, @RISK, or VBA",Dessislava A. Pachamanova,General Software & AI,20
Practical MATLAB Modeling with Simulink: Programming and Simulating Ordinary and Partial Differential Equations,Sulaymon L. Eshkabilov,General Software & AI,20
Modeling and simulation in Python,Allen B. Downey,General Software & AI,20
"100 Excel Simulations : Using Excel to Model Risk, Investments, Genetics, Growth, Gambling and Monte Carlo Analysis.",Gerard Verschuuren,General Software & AI,20
Finite element modeling and simulation with ANSYS Workbench,Unknown Author,General Software & AI,20
Field and Service Robotics: Results of the 8th International Conference,Fumitoshi Matsuno,General Software & AI,20
Field and Service Robotics: Results of the 5th International Conference,Peter Corke (Editor),General Software & AI,20
Field and Service Robotics: Results of the 10th International Conference,David S. Wettergreen,General Software & AI,20
Field and Service Robotics: Recent Advances in Reserch and Applications,Kazuhiro Kosuge (auth.),General Software & AI,20
Field and Service Robotics,Marco Hutter,General Software & AI,20
Implementing An Information Security Management System: Security Management Based On ISO 27001 Guidelines,Abhishek Chopra,General Software & AI,20
IT Auditing Using Controls to Protect Information Assets,Mike Kegerreis,General Software & AI,20
Cyber Security: The Lifeline Of Information And Communication Technology,Ramjee Prasad,General Software & AI,20
Information Security Governance Framework and Toolset for CISOs and Decision Makers.,Andrej Volchkov,General Software & AI,20
Foundations of Information Security: A Straightforward Introduction,Jason Andress,General Software & AI,20
Fundamentals of information systems security,Kim,General Software & AI,20
Cyber dragon : inside China’s information warfare and cyber operations,Dean Cheng,General Software & AI,20
Cyber-Security And Information Warfare,Nicholas J. Daras,General Software & AI,20
"Information Security Policy Development for Compliance: ISO/IEC 27001, NIST SP 800-53, HIPAA Standard, PCI DSS V2.0, and AUP V5.0",Barry L. Williams,General Software & AI,20
Computer and Information Security Handbook,John R. Vacca (Editor),General Software & AI,20
ISACA CISM Certification: Certified Information Security Manager Courseware,Firebrand,General Software & AI,20
Principles of Information Security,Whitman,General Software & AI,20
The Standard of Good Practice for Information Security,Information Security Forum,General Software & AI,20
(ISC)² CISSP certified information systems security professional: official study guide,Chapple,General Software & AI,20
"Information Security Policies, Procedures, and Standards: A Practitioner’s Reference",Douglas J. Landoll,General Software & AI,20
Handbook Of Research On Information And Cyber Security In The Fourth Industrial Revolution,Ziska Fields,General Software & AI,20
An Introduction to Information Security and ISO 27001,Steve G Watkins,General Software & AI,20
(ISC)² CISSP: certified information systems security professional: official practice tests,Chapple,General Software & AI,20
"Handbook of Research on Machine and Deep Learning Applications for Cyber Security (Advances in Information Security, Privacy, and Ethics)",Padmavathi Ganapathi (editor),General Software & AI,20
Information Security and IT Risk Management,Manish Agrawal,General Software & AI,20
Management of Information Security,Michael E. Whitman,General Software & AI,20
Introduction to Machine Learning with Applications in Information Security,Mark Stamp,General Software & AI,20
SSL and TLS: Theory and Practice (Information Security and Privacy),Rolf Oppliger,General Software & AI,20
Modern Cryptography: Applied Mathematics for Encryption and Information Security,Easttom,General Software & AI,20
CISM Certified Information Security Manager Practice Exams,Peter H. Gregory,General Software & AI,20
Conquest in Cyberspace - National Security and Information Warfare,Martin C. Libicki,General Software & AI,20
Cryptographic and Information Security Approaches for Images and Videos,S. Ramakrishnan,General Software & AI,20
Privacy and Security Policies in Big Data,Sharvari Tamane,General Software & AI,20
Information Security Risk Assessment Toolkit: Practical Assessments through Data Collection and Data Analysis,Mark Talabis,General Software & AI,20
(ISC)2 CISSP Certified Information Systems Security Professional Official Study Guide,Mike Chapple,General Software & AI,20
"Information Security Risk Management: Risikomanagement mit ISO/IEC 27001, 27005 und 31010",Sebastian Klipper (auth.),General Software & AI,20
Strategic Intelligence Management. National Security Imperatives and Information and Communications Technologies,Babak Akhgar and Simeon Yates (Eds.),General Software & AI,20
The CIO's guide to information security incident management,Goucher,General Software & AI,20
"IT Auditing Using Controls to Protect Information Assets, Third Edition",Chris Davis,General Software & AI,20
Security Risk Management: Building an Information Security Risk Management Program from the Ground Up,Evan Wheeler,General Software & AI,20
"ISO/IEC 27003:2010, Information technology - Security techniques - Information security management system implementation guidance",ISO/IEC/JTC 1/SC 27,General Software & AI,20
Security Information and Event Management (SIEM) Implementation (Network Pro Library),David Miller,General Software & AI,20
Think Data Structures: Algorithms and Information Retrieval in Java,Allen B. Downey,General Software & AI,20
Introduction to information retrieval,Christopher D Manning,General Software & AI,20
Text Data Management and Analysis: A Practical Introduction to Information Retrieval and Text Mining,ChengXiang Zhai,General Software & AI,20
Modern Information Retrieval: The Concepts and Technology Behind Search,Ricardo Baeza-Yates,General Software & AI,20
Web Semantics for Textual and Visual Information Retrieval,Aarti Singh,General Software & AI,20
Search Engines Information Retrieval in Practice,Bruce Croft,General Software & AI,20
"Laboratory Experiments in Information Retrieval: Sample Sizes, Effect Sizes, and Statistical Power",Tetsuya Sakai,General Software & AI,20
Information Retrieval Architecture and Algorithms,Gerald Kowalski (auth.),General Software & AI,20
Learning to Rank for Information Retrieval,Tie-Yan Liu (auth.),General Software & AI,20
Information Retrieval for Music and Motion,Meinard Müller,General Software & AI,20
Information Retrieval. Implementing and Evaluating Search Engines,Stefan Büttcher,General Software & AI,20
Information Extraction: Algorithms and Prospects in a Retrieval Context: Algorithms and Prospects in a Retrieval Context,Marie-Francine Moens,General Software & AI,20
Graph-based Natural Language Processing and Information Retrieval,Rada F. Mihalcea,General Software & AI,20
Information Retrieval: Algorithms and Heuristics,David A. Grossman,General Software & AI,20
Current Challenges in Patent Information Retrieval,Mihai Lupu,General Software & AI,20
Metadata for information management and retrieval : understanding metadata and its use,David Haynes,General Software & AI,20
Information retrieval: data structures and algorithms,William B. Frakes,General Software & AI,20
Modern information retrieval,Ricardo Baeza-Yates,General Software & AI,20
Information Retrieval Evaluation in a Changing World: Lessons Learned from 20 Years of CLEF,Nicola Ferro,General Software & AI,20
The Geometry of Information Retrieval,C. J. van Rijsbergen,General Software & AI,20
Learning to Rank for Information Retrieval and Natural Language Processing(Synthesis Lectures on Human Language Technologies),Hang Li,General Software & AI,20
"Law and the semantic web: legal ontologies, methodologies, legal information retrieval, and applications",Richard Benjamins,General Software & AI,20
Artificial Intelligence for Maximizing Content Based Image Retrieval,Zongmin Ma,General Software & AI,20
Introduction to Information Retrieval and Quantum Mechanics,Massimo Melucci (auth.),General Software & AI,20
Information Retrieval: Implementing and Evaluating Search Engines,Stefan Büttcher,General Software & AI,20
Semantic Knowledge Representation for Information Retrieval,Winfried Gödert,General Software & AI,20
Introduction to Modern Information Retrieval,Gerard Salton,General Software & AI,20
Information Retrieval Systems: Theory and Implementation,Gerald J. Kowalski,General Software & AI,20
Opinion Mining In Information Retrieval,Surbhi Bhatia,General Software & AI,20
Textual and Visual Information Retrieval using Query Refinement and Pattern Analysis,S.G. Shaila,General Software & AI,20
Quantum-Like Models for Information Retrieval and Decision-Making,Diederik Aerts,General Software & AI,20
Advances in Information Retrieval,Gabriella Pasi,General Software & AI,20
Search Engines: Information Retrieval in Practice,W. Bruce Croft,General Software & AI,20
Web Information Retrieval,Stefano Ceri,General Software & AI,20
Modern Information Retrieval,Ricardo Baeza-Yates,General Software & AI,20
Information Access through Search Engines and Digital Libraries (The Information Retrieval Series),Maristella Agosti (Editor),General Software & AI,20
Issues in the Use of Neural Networks in Information Retrieval,Iuliana F. Iatan (auth.),General Software & AI,20
Unknown Title,Unknown Author,General Software & AI,20
python,abc,General Software & AI,3
